trading_day,p5,p10,p25,p50,p75,p90,p95
0,24.600000381469727,24.600000381469727,24.600000381469727,24.600000381469727,24.600000381469727,24.600000381469727,24.600000381469727
1,22.73549950540881,23.12957820292079,23.819042113543524,24.5875933862821,25.38537077490647,26.130295780919774,26.58179310457359
2,22.06349112758154,22.612824810950702,23.500815287959615,24.59129929771842,25.713356394189972,26.814473122097283,27.482674146569817
3,21.42331282476523,22.097769391149495,23.235054705347302,24.56791695567886,25.999420986365735,27.326043235628354,28.174863725860853
4,20.930852557894102,21.700860242886975,23.009845405481038,24.55084675164611,26.238374145516374,27.735141036783453,28.718616729586493
5,20.512019970240257,21.364454536373934,22.85036820277741,24.56172410345235,26.4135706556624,28.07749558825465,29.215736800026935
6,20.24905694503509,21.12690963395138,22.701641152216148,24.55722981114387,26.542777106771467,28.46558567125053,29.689909333251975
7,19.96997503128786,20.89123962695628,22.556967137874206,24.56164323526403,26.73207205100182,28.781501018371035,30.07965142662368
8,19.67208941856053,20.650746398115537,22.417136430012608,24.560215709999397,26.818158599248573,29.154257507191534,30.621255191834262
9,19.3794813741719,20.390733283775333,22.32037172884559,24.52893021380703,26.990930837693814,29.450858094480555,31.035577104947055
10,19.160241254121278,20.2355326481676,22.158360064046462,24.471049473051174,27.10307141237702,29.678303533420415,31.46738483917257
11,18.95107110676196,20.071165365298317,22.0633398156671,24.523645483257226,27.227921145376925,30.01172147200187,31.798242408445454
12,18.708062518411893,19.88200835159271,21.988607134371165,24.513040335384396,27.354495000175547,30.23154921503536,32.09347293079477
13,18.507236902524443,19.718974234016432,21.87674755720749,24.463286895302367,27.467031150403685,30.535960030732422,32.5178522936308
14,18.24957179331884,19.504638879711518,21.790667939434556,24.469872797297903,27.598638067157783,30.749003551015186,32.71018340516723
15,18.072040155507633,19.344707387064176,21.65039538705043,24.48728318785414,27.725255624016043,30.96164725022865,33.09201351712823
16,17.86111354414895,19.224606989695328,21.580507138581346,24.419591040250815,27.82257941382278,31.25657459256737,33.39163756267804
17,17.73737187525505,19.068804289104587,21.461426465974906,24.423895847070607,27.91217317855129,31.488930441579825,33.777329047785756
18,17.53340191082475,18.875324741587814,21.343349276278975,24.485233450901717,28.109891576928614,31.601374680698083,34.01336761879682
19,17.35505144835506,18.740058474089082,21.250613121401976,24.497217600788623,28.11154599088512,31.735041966956953,34.255242094004075
20,17.232116071526722,18.576823044530975,21.161058805166363,24.451042556322328,28.231880963809207,31.84505299809916,34.56303038050452
21,16.978092523899825,18.459957641451545,21.070211350164236,24.466097170033144,28.31297163279901,32.04879759106149,34.70735431809854
22,16.8642895544005,18.297299867892836,21.01743214138282,24.433763364206598,28.387154178345774,32.37114710206607,34.969605504280935
23,16.744334836696765,18.197889895576957,20.95358896057744,24.464299209401545,28.467690668021998,32.573304933616114,35.401589083557624
24,16.646359510434323,18.10040877880757,20.81937460826615,24.477925067460973,28.463241822991712,32.83752794874185,35.579875702340416
25,16.452313281053335,18.007871548912878,20.75194743784948,24.410598387159027,28.616338041827376,33.07790576432384,35.950511438913594
26,16.297332213998875,17.86086201921865,20.702586384002956,24.38416857063248,28.674194612900962,33.204500741343,36.372774738421654
27,16.197107112065392,17.742346269270193,20.597710136129024,24.40442425859073,28.678809056029475,33.324942364037916,36.66429729894982
28,16.050485670504433,17.736878992566396,20.561489140804213,24.358831122360254,28.697284730052928,33.66003325210447,36.9686649844359
29,15.91589605292706,17.59645930457982,20.480149871402276,24.320625518154703,28.825624224169573,33.91507818023025,36.97123206524651
30,15.835263375249673,17.482815348284724,20.457382780036454,24.356682908583657,28.92709495512665,33.94666592556641,37.19481530656508
31,15.675181207727096,17.389792496391635,20.350273585089976,24.343785897429676,29.006550116713665,34.07364004748891,37.626848459212354
32,15.457448602586162,17.229008540045996,20.22141969356501,24.307808233476038,29.115891709052846,34.252120423633535,37.88276627735574
33,15.532052907890911,17.106142133215936,20.18439842125872,24.316221032462277,29.147490982155098,34.389953840726854,38.0305642631573
34,15.39543847972722,17.011425847081973,20.090958221482538,24.305251926071875,29.184848842413935,34.63124093853837,38.2564197637408
35,15.286934127414137,16.923597160126924,20.048392593279846,24.27598201605071,29.199892760838118,34.73425921965206,38.4618429309057
36,15.258705225995165,16.86143352391669,20.00043437330279,24.232055179556852,29.38826185301142,34.89506352174655,38.785758264791696
37,15.180143600916825,16.774572919988305,19.99288701860969,24.267797902917664,29.36777364940483,35.088607304149974,38.89454465405923
38,15.053229458004267,16.703037475661755,19.95415825721139,24.234743015489453,29.48720666796126,35.24054204204206,38.88362832605553
39,14.9688630053364,16.648528413286755,19.855818779999677,24.228278610419782,29.486493826269466,35.492179076856004,39.16334546003209
40,14.881973630355343,16.58045023479083,19.763347548652217,24.208686059465983,29.593566452641973,35.50429956850418,39.33707334667218
41,14.686284561536288,16.421206957220665,19.70232993231462,24.218770754380493,29.61503791673867,35.749664088609116,39.74754693924851
42,14.597668818957544,16.324108509023713,19.61478324568401,24.213037271271375,29.656333151265965,35.91552613966001,40.00552687562303
43,14.53445034205487,16.258233660181652,19.559587498002223,24.258381057817274,29.769231228614295,36.23929128925855,40.342421997660374
44,14.411241131673552,16.116295918668307,19.53817516297054,24.257832327626488,29.798261869320292,36.38818483880561,40.808236728687
45,14.35559687834716,15.984114268135164,19.417729294644893,24.267291180937434,29.858476654529685,36.49994679935039,41.2039080476541
46,14.29968008953511,15.89870126202982,19.361800192363106,24.249118928565565,29.922737836125176,36.55140336741203,41.14170006350029
47,14.166058582917803,15.839121343211715,19.31646524798003,24.26731187587754,29.882529159024276,36.64240098077536,41.28628119808943
48,14.069585319914907,15.719188968983035,19.214179612420008,24.169432619646994,29.927491444978994,36.681701157552695,41.476791910263486
49,14.00388562753813,15.667960568855303,19.289979315564615,24.13337008864763,30.03541312554443,36.779485736811566,41.72171378947964
50,13.84746023780205,15.547142797715791,19.208664690419866,24.065107362587078,30.042591715330335,37.035247150154106,41.98113876357857
51,13.71872057499883,15.524087690173712,19.144645670360916,23.979734336309814,30.0577039382746,37.16938975644014,42.23640827918707
52,13.616183880133963,15.490634681519667,19.106054361805025,24.05963668102666,30.3054249868326,37.269627795568454,42.37087412877487
53,13.539428089880108,15.396301749830146,19.036864454299717,24.02085902806,30.396279289650096,37.313248850272224,42.38053668174854
54,13.368534388579894,15.34555012254576,18.996445961846657,23.972749492015144,30.5145577197568,37.455724331734906,42.66190860255706
55,13.412231742743069,15.275601254020998,18.914719626731056,24.0652301776759,30.503860437923507,37.68351110485004,42.80886645661012
56,13.351434841680701,15.162580640873253,18.857909607287276,24.00781235481083,30.637448802816362,37.81580682947617,43.051777226529055
57,13.290473015747885,15.054639060031908,18.812056190533568,24.002167060851736,30.614925946068148,38.011566729241686,43.025059016404356
58,13.213173077602685,15.035414502322107,18.758762337028582,23.96252512626669,30.569118851738025,38.184090797296655,43.32264436536061
59,13.177677046604416,15.04522939687703,18.68015632642765,23.99703188519526,30.434975005334998,38.120838815549504,43.460228290727464
60,13.100848014069916,14.97445990452452,18.699232878525713,23.984588753365216,30.515309941652433,38.37314010317174,43.834396277047546
61,13.112481874794495,14.877256197431265,18.584054724917532,23.971252694363514,30.574796589843682,38.5740666340619,43.83631306815934
62,13.028433275978774,14.861486536142404,18.605779979082946,24.01528028907883,30.744644907116182,38.63741480075397,44.19007657692036
63,12.933081986369972,14.775589578529106,18.515907064196224,23.93467403694266,30.822693209213302,38.67784090433004,44.317166155395206
64,12.883469080388114,14.65633819530256,18.54576803249227,23.994778940894513,30.939216299570038,38.63779234411627,44.57802310692046
65,12.799407551374538,14.59886228829644,18.462845330015806,23.948303319861065,30.945176034270055,38.92709378831946,44.798103003309826
66,12.691462432409258,14.519307889276156,18.40031258320561,24.015099769554546,30.97268673700689,39.16577928393514,44.70724389436991
67,12.631500808288498,14.457062902725605,18.410410349343564,24.009834624622066,30.949144015293644,39.256109791408974,45.11863225795926
68,12.57505077427733,14.4161319228186,18.431553231678425,23.97956291777281,31.08114683746437,39.40935590695407,45.32654057954156
69,12.581004498799505,14.335361797514604,18.326755747604242,23.959864449661737,31.098613777782614,39.545394774208454,45.355646901015476
70,12.414264009314937,14.288683450697365,18.318854096891148,23.916324348623057,31.219955516959708,39.56902623122278,45.44951645820546
71,12.422192639222772,14.22806272012797,18.29993735006548,23.895329413480027,31.25102461942452,39.937913256019996,45.71765298010475
72,12.401006649767398,14.300923383883275,18.307752233473263,23.908905665437015,31.3551371585155,39.925715205235214,46.062249890340375
73,12.256013296977942,14.259416876345057,18.255611171070814,23.87320948660188,31.456951590444877,39.9826515507824,45.88615732279673
74,12.245879135649488,14.168984994669277,18.195415327486643,23.869345576032714,31.543142586485153,40.08583352722276,46.01748987465613
75,12.185316198047081,14.035736198796249,18.167222920051486,23.832555311625793,31.647649218856593,40.13578706365363,46.19725582912574
76,12.162607388720177,14.021333702113486,18.097662279473795,23.832330132389476,31.606724399306337,40.348420655425855,46.53363476526387
77,12.072201943106757,14.008587994030796,18.072108730413525,23.81247924938579,31.68085013447215,40.47526082966113,46.84949777583806
78,12.07356310757821,13.986651389493119,17.975712439294497,23.830560413038135,31.703061674991346,40.58802054494736,46.85357050067054
79,11.93063477059591,13.928178541388812,17.94352139972828,23.773932493237623,31.847494748836837,40.802082761103996,47.066517589809635
80,11.925585367842308,13.890216347481502,17.94686400921287,23.811233166641685,31.84530982010433,40.82772672427976,47.4912442541489
81,11.850634490660937,13.838313669840973,17.870905178356015,23.674183928350725,31.876106590044994,41.13820951995556,47.89938704709316
82,11.771467260302687,13.729329486005515,17.834218155413932,23.76200032993585,31.893638910881144,41.15843955185676,47.88296467336998
83,11.669878501818296,13.673809106928507,17.77453627941751,23.682966151145763,32.02275518090182,41.38807379837592,47.98462045637663
84,11.662860534451202,13.651458257324645,17.74278885671385,23.714327041522196,32.14264106145956,41.48209024469346,48.01231203673373
85,11.57172297417839,13.571244283889625,17.70052272605025,23.605799231516272,32.13535962720048,41.47827076974834,48.50485520390329
86,11.523886171049075,13.554100115469712,17.612474115980532,23.627601765075354,32.07851867788693,41.49460410670771,48.743965106141665
87,11.348593477999078,13.50433902834484,17.631210687378783,23.67926980786411,32.04822003297508,41.64736651000712,48.84717334519249
88,11.374424247503889,13.508181097202343,17.59662207828604,23.615966658512015,32.14766590662393,41.82891917135274,48.979599935067725
89,11.333768334078137,13.420691091604589,17.598402678432613,23.63366162339591,32.268671851386756,41.86685766908367,49.03006172511549
90,11.263424482743916,13.393122322992088,17.53264074745949,23.63104058062325,32.161058480473194,42.13170885500246,49.207319761943054
91,11.245723309529371,13.317002034439511,17.456110619327887,23.685015548052686,32.18581208144404,42.221359388959506,49.51141475673583
92,11.197598075981741,13.243224459084693,17.389052063357724,23.643552748594885,32.15627404158356,42.278958715213165,49.497087711360464
93,11.284094578777747,13.207321589444371,17.392229321834215,23.7103813245951,32.15778403087961,42.59803779236801,49.574315514028534
94,11.180710496084759,13.153076731469405,17.341207695579623,23.641412607000625,32.22698987758436,42.25946569365753,49.887218641443916
95,11.161059829425586,13.088411621071161,17.345058957366888,23.65133763548643,32.313274315636065,42.39376906893668,49.72346823631572
96,11.01685910134698,13.06574534127822,17.27402191785967,23.692406293110864,32.27726418614505,42.389034279710664,50.12190336161812
97,11.001357489205343,12.967580585730976,17.25601596924424,23.62156445667946,32.36278602737009,42.52796730682608,50.39386299288116
98,10.864884954975494,12.982055278556718,17.246420698779872,23.604984202240622,32.32577162171472,42.65475956450346,50.46414290085694
99,10.768206540124135,12.943738528195466,17.17020651383759,23.608563262247316,32.32751587000533,42.59135610130777,50.591778333504706
100,10.764180176206015,12.858552418788264,17.128689149432898,23.53215090466422,32.29091535869825,42.76225762171478,50.92595236368134
101,10.688290177798994,12.803414341954992,17.028605941406425,23.577354207579802,32.48394828187773,42.971203064587144,51.08774401200892
102,10.745503358967753,12.781988067994698,16.941696818982866,23.5883231660481,32.45388858462877,43.064122303510295,51.403653628518015
103,10.668247083302523,12.753040409733746,16.975333979181478,23.641878416679496,32.52975613656095,42.9741750270378,51.50335575088706
104,10.577973736253881,12.691481564097428,16.957116342022175,23.570535009044363,32.45304693766022,43.11830749570957,51.71750475056377
105,10.466782156473297,12.634871893051224,16.921987647068168,23.55348524852564,32.561198224798595,43.25028416711863,51.6499793212144
106,10.425999153206332,12.565143192179539,16.896119210943525,23.58854228249693,32.675000442764194,43.54236732025529,51.849331938934085
107,10.401810888597725,12.534360394831914,16.838508147348517,23.555250001700834,32.698977381933716,43.607689151846806,51.934148678028734
108,10.343586202127584,12.493664683992955,16.886336444673695,23.464442608924184,32.697307928558985,43.55850727200656,52.11094976245421
109,10.30798704444639,12.43657573456369,16.875940983344147,23.556835190121607,32.82688125994274,43.736810381259666,52.36331634712467
110,10.22399622147453,12.376492756598225,16.768603714111727,23.503560846350943,32.801649345634615,43.564917834718074,52.945706357868914
111,10.212743590075814,12.370782291611869,16.725310919698803,23.499392828577513,32.90602428099505,43.9033044138606,53.115248891068156
112,10.197679360267454,12.298639580174195,16.651173038230862,23.398870880999596,32.78787696034735,44.4390382963831,53.24523571199376
113,10.153839091247505,12.285430245112327,16.63507787094092,23.461976640903632,32.85078360284891,44.15732942818456,53.62431776178495
114,10.141919252484557,12.226885372715545,16.566949767297412,23.445174267262047,32.98733000818456,44.46680991562722,53.39350282017158
115,10.102242768329823,12.190455095315633,16.512072888773808,23.481425359818545,32.997832605747135,44.41124101818815,53.67576321450852
116,10.005093719378085,12.086984754472729,16.452645771052595,23.422512441448344,33.08988375254101,44.63135393667842,54.08216205287709
117,9.94938961357494,12.057861826787159,16.425596693587302,23.487150084116646,33.133305607940486,44.50568375168693,53.6730054661023
118,9.876058153648907,11.998859314901166,16.402305024305356,23.46442816757764,33.117000730571604,44.98341683515659,53.97253759859163
119,9.81157475859487,11.913286888637032,16.38698525305131,23.466687057014532,33.15743598113454,44.7827578810785,53.79505591115369
120,9.90514485609861,11.927998703556115,16.342953983765096,23.464305415043206,33.338768477586896,44.811700786858566,54.378369633186374
121,9.842005682479328,11.966451680584338,16.34850670673648,23.48710593172773,33.37540890975119,44.94584164399095,54.715690242289476
122,9.75387205694029,11.95308211610711,16.352739316268845,23.41729697448067,33.45688379078876,45.08986954989566,54.59327233851849
123,9.7244317414875,11.821969923811602,16.30747960810973,23.446134418844515,33.46599067468661,45.183716597863985,54.72786473791888
124,9.7229559899758,11.809299222614497,16.305684800140515,23.389143362283832,33.55076075180124,45.35387261263774,54.53351661882447
125,9.640483237511182,11.774102728735187,16.25906899820324,23.38862193374524,33.48842447571366,45.55143242581788,54.59449190662333
126,9.64746159994233,11.77314013549921,16.234891621122117,23.375472698209983,33.53420090911322,45.60615779227779,54.64718793093825
127,9.68459906762337,11.714385122705558,16.153551371163864,23.331796062274353,33.709855326098854,45.51906230551533,54.76089165219294
128,9.601474368264745,11.621796679001855,16.145800033906138,23.448224451682165,33.55009571788361,45.58451632274529,54.780395648511536
129,9.55300141166571,11.670850397428808,16.061482219560155,23.327586313261662,33.65952350415622,45.64057522439939,55.289445264488926
130,9.45678610381158,11.6201541006595,16.03828209977245,23.361321289387796,33.66255981051887,45.854361600902756,55.7106361573917
131,9.39376525330583,11.586348919280562,15.972316765783285,23.287743818110684,33.77583143876499,46.0122721640338,55.67024065488931
132,9.408846825201918,11.477155131020577,15.9712268434774,23.1982243893664,33.672204095415715,46.09807793872654,55.90962280751367
133,9.38872234434101,11.416601828319468,16.030845267850303,23.223111825227335,33.79650824227,46.355543529353696,55.69726893622996
134,9.354737041604963,11.414390116966613,15.980221725398783,23.18117064662424,33.86860066588903,46.16214856154487,56.156115762956475
135,9.27553512048027,11.450216069306377,15.952804856898982,23.188530577904984,33.85569734898347,46.29928944237625,56.284179251254095
136,9.276112827779434,11.354911665781355,15.90428433647552,23.248730617329812,33.87989513090451,46.258809586802656,56.487824815341206
137,9.245202672620533,11.349416061145378,15.869901630165888,23.27217165467026,33.81942362032433,46.458858176243005,56.70448555895919
138,9.249177507060828,11.356519826292374,15.829484256640816,23.256675817309095,33.67650408504367,46.445177146732455,57.091542320530955
139,9.176073221594775,11.315647522412291,15.813448030329258,23.258036034197367,33.668382595583736,46.448740839474326,56.80910390299985
140,9.199924127588572,11.265464832408728,15.820097152364518,23.242021060649936,33.75951820247577,46.42272327795623,57.09837390823784
141,9.12224368674848,11.259143248029556,15.806435254071928,23.247591882762116,33.920205906120046,46.503754798651975,57.2389058548699
142,9.075044066418934,11.20011421649177,15.72729781259641,23.214194537759465,33.8628391950838,46.8537026414484,57.560187034025525
143,9.071233625908484,11.177162482338968,15.69900898427622,23.229832993858956,33.85326898031512,46.74252527004746,58.17280548334421
144,9.0877347899484,11.100815124091293,15.673265048762733,23.164704545852764,33.929275166844135,46.977371653601004,57.77229171507245
145,9.051417158503881,11.087985816631445,15.693961393660654,23.165972210768324,33.9199504680745,47.321872613474206,57.86948626056168
146,9.034229291204696,11.025598207802096,15.646390217632328,23.23182782561077,34.006389916612754,47.42618343901241,57.773618546507244
147,8.956458832381927,11.028794694643832,15.622513440505472,23.095471532058976,34.16170691165307,47.325963811605796,57.92630467393506
148,8.984033225805835,11.048165659306338,15.587771876000287,23.091539074570612,34.03441490139503,47.88784020078607,58.06493030416808
149,8.91989120281447,10.985101405976328,15.590129687884957,23.09509795212003,34.011379873016864,48.0584776076429,58.30736490069195
150,8.872568743140372,10.948677619803759,15.530689025126795,23.128818188054304,34.07154433611882,47.96652616404382,58.464030624719534
151,8.8228524133336,10.932653763945298,15.598178623203822,23.084773301819908,34.01987882430053,48.1607753166433,58.57676588906551
152,8.751649955976276,10.806853804845515,15.534338090679993,23.113757802754506,34.162408658664845,48.33900943831018,58.309232900124435
153,8.795602330284865,10.875194408418562,15.56362176590369,23.05556513038313,34.12466176844649,48.16576068530679,58.4836402257961
154,8.787598884444689,10.860762489390623,15.509849150354064,23.0322285372849,34.0562891395827,48.22936584652711,58.66081640733403
155,8.754542983504265,10.797387894227361,15.445062282217172,23.07259032623476,34.028145001324944,48.405574402834205,58.96671956782482
156,8.72673976962999,10.751618778365053,15.46473425925269,23.10558699993677,34.10830489629694,48.50680934377467,59.54477708263706
157,8.668632347293247,10.733195770362608,15.458008465525209,22.998964569533584,34.229000354705235,48.44540189784936,59.37130093258407
158,8.645455609478702,10.733688526689459,15.351631368992638,22.998129446940407,34.32088321612252,48.489173181046795,59.78465569463603
159,8.634070442740404,10.731567968559759,15.35915122024371,22.966434146931405,34.22686837162854,48.88129558600597,59.81999572796665
160,8.560356463013953,10.733052637638812,15.291816365522852,23.008295123041037,34.22142734444793,48.77360509508156,59.84331708561338
161,8.51842950293738,10.662168942980363,15.290954453651823,23.035225695938056,34.24100105103615,49.10281557971317,60.115606309067694
162,8.468792275185457,10.599756078764,15.272758084686089,23.095880714926313,34.34004104476827,48.91971484695626,60.69811983554191
163,8.444234505670336,10.551008877094233,15.19154480699958,23.04115337289376,34.283632725912476,49.03806649709684,60.907507562753416
164,8.363164533950426,10.4535429639152,15.155983064773231,22.99669373557063,34.410089232236196,49.38634595027111,61.51001276256718
165,8.298860758673204,10.414764998153586,15.179495501037477,23.03301088249027,34.39430069595329,49.480476976424946,61.87738518036632
166,8.249236260644603,10.487688212052586,15.13092107096344,23.08461815391402,34.43234759511506,49.624463439270095,62.20594677036268
167,8.165534890403862,10.398479816131447,15.113646076375048,23.09930360411637,34.42736635797729,49.888487926015415,62.345465972387544
168,8.175719106150176,10.367704814745323,15.080559824136305,23.135012787586447,34.47737786900121,49.93304733818844,62.81317066507365
169,8.167779260941003,10.37040307620734,15.070648069445063,23.025304854089494,34.383830749600875,50.0152524704046,62.64975031781697
170,8.186589053066669,10.351636358944491,15.048043527633423,23.11753787969726,34.346350161866326,50.316017144247446,62.672515975420986
171,8.195484293172607,10.351779244014521,14.993977772309119,23.029450946521234,34.5512214085082,50.37054849134609,62.656026092593805
172,8.108563275968857,10.329974969653868,15.002079996244111,23.022232214028243,34.515661376681265,50.5676179548434,62.63005480027521
173,8.116175407194847,10.288771395057584,14.93190408924541,23.013216110686702,34.60197544326482,50.451307872670114,62.67172003518996
174,8.102916614164613,10.198423325841487,14.942732933735396,22.922968029953182,34.67509862250212,50.447462635812826,62.687596331177225
175,8.129430186029992,10.225185020442568,14.908143209753815,22.91486230280001,34.52560817692342,51.05891392576065,63.012201419419156
176,8.129598531449933,10.13793788306987,14.90197155283764,22.911922876857343,34.70448084163752,51.08709437980581,63.108733360926884
177,8.0837623281562,10.179303028075996,14.916253870520633,22.835275147631883,34.921433171516796,51.006106682607516,62.95954483543144
178,8.031724777989128,10.1378862076429,14.916584288408265,22.910427317927862,34.96013326921892,51.19537913128655,62.85992764979201
179,8.054366209926924,10.142080961465808,14.839185824490862,22.798396094021683,34.89017724592532,50.92443832617778,63.27233696489625
180,8.02031896142501,10.058120037067404,14.87847281819862,22.76208065984426,35.02735913576689,50.90385668401646,63.15326940502398
181,8.028227347579657,10.049653069233605,14.900173797594153,22.73200308699689,35.050567681734755,50.9454817128426,63.88233230339546
182,8.011949032450431,10.032165067505883,14.849305982641535,22.794237866927237,35.20825995516436,51.031362056682525,64.01102011499412
183,7.959976728006755,10.018460501028871,14.83750443415823,22.783067331278787,35.1662421615437,51.04858013464842,64.22165212824135
184,7.9629024180552825,9.9993507671004,14.795004148697032,22.783606049324305,35.074330718314215,51.02458999958257,64.52645193836692
185,7.902978109223033,9.944202745342507,14.776102198896016,22.84936264133298,34.98800443747925,51.38966769761806,64.37588311970143
186,7.881334258369324,9.947331994515247,14.797535943534022,22.770177751496487,34.99454728601045,51.76776130651408,64.53700178538742
187,7.863901211442356,9.922886935963675,14.736790664710856,22.88985658022048,35.03548170991844,51.58465964384,64.82983743300176
188,7.82153005464518,9.871442391675247,14.676822109883119,22.749055207627375,35.124258560161365,51.79853880886267,64.58381567060582
189,7.785716981735802,9.841370297501363,14.643483135348072,22.782699250655288,35.19913229456477,51.46948868285158,65.05574435614004
190,7.763941974926398,9.83801816186286,14.671000044608988,22.738460754489033,35.123673977908965,51.62119827022988,65.67730420178836
191,7.75219012386274,9.766601218062576,14.708661967643398,22.77574311418371,35.119527842890946,51.766308790405674,65.81113270997903
192,7.698842528087856,9.757869015060006,14.560563898519945,22.76700491140261,35.11188582044639,51.80028510936725,66.09620070460007
193,7.699744611057025,9.77432244667596,14.549897716402043,22.78738568232702,35.34856118698018,52.24392805517188,65.8869616734596
194,7.697899883534308,9.763393838525014,14.518798472175227,22.81496556470769,35.322459403788876,52.289100322846174,66.3505768357408
195,7.626911887605302,9.676420220776007,14.52650378937194,22.82786231066168,35.280690229932404,52.377853248591386,66.55776388467751
196,7.565157642750674,9.635630498836433,14.502011168314482,22.86872021673162,35.4056683834528,52.65640062750973,66.208474354972
197,7.579474447697111,9.64223210993262,14.494746777015855,22.86954408989466,35.41812914808109,52.26563906644232,66.22264704845537
198,7.499148171875835,9.595775052825678,14.468424881095398,22.86772459431026,35.42062259056407,52.43016772796716,66.41644419569954
199,7.530730922833295,9.642290610133033,14.41879681520332,22.879882662509193,35.407468415383434,52.61108471333375,66.72998400559395
200,7.549717277081636,9.67843568130496,14.42608202673005,22.86817094869391,35.46733195610804,52.58188033075607,66.53171410485231
201,7.4874023669297705,9.681358077821335,14.451644067126729,22.873020413083836,35.47436702065501,52.57505017709763,67.1681342520486
202,7.502646860553336,9.596006128104268,14.399604945257575,22.758079732771435,35.6157059457084,52.657950987420115,67.3590472441002
203,7.458789530737654,9.561774837254553,14.424887182959445,22.878804055606274,35.53873271819833,52.768111118505814,67.18344585166001
204,7.482625451562221,9.542744088191785,14.42176616928912,22.88666746592765,35.315032478098146,52.98799934271054,66.75350475044816
205,7.4801852298357145,9.494176567255836,14.34030424739327,22.830795218693083,35.51425730794247,53.37853173367682,66.80339140964877
206,7.457524480683153,9.47875268396714,14.330398473415466,22.709271684188657,35.565502369148234,53.295840734015854,67.49041169716914
207,7.397393010225757,9.449559471901178,14.329614256842984,22.69389034534527,35.60280644655449,53.445433876145785,67.43046152340288
208,7.386193810005013,9.413678101621262,14.254265637335722,22.675482285200296,35.711619105419594,53.90441517194581,67.88361289582362
209,7.327266472840879,9.432410866001305,14.196732434849357,22.651525027498554,35.656979980573055,53.75875683689882,68.43684718789923
210,7.367912798963703,9.453596594713218,14.229226234675938,22.662553050945654,35.63009277767573,54.05036056342849,68.21567815632973
211,7.316568173458655,9.436162963276965,14.218618060138375,22.674217022058365,35.72225549197909,53.86242811047938,68.6700684768424
212,7.269751100185441,9.401412355619316,14.159769252546887,22.63195167090636,35.79244544362166,54.50561074253583,69.0911443112391
213,7.244861728160468,9.357569819787035,14.122243273659926,22.715796867435976,35.72234941241389,53.95313971968353,69.16628369745499
214,7.302386604173314,9.350130391322779,14.080413756491279,22.676666535627472,35.78613359150156,54.28703062901151,69.4715090689163
215,7.2290909013842874,9.276629008195792,14.118725905406809,22.635909986578262,35.79048157646716,54.55095204103239,69.21672918572148
216,7.2472267059340165,9.292612110650445,14.095723657500482,22.68007530424451,35.86737905698525,54.20117013989736,69.81250378596509
217,7.223930623527075,9.272896820566904,14.07477215692219,22.64591009444461,35.912747717641004,54.39142292393845,69.70435020646323
218,7.171985859446627,9.211275210856842,14.04913858999357,22.587899259250086,35.784689361534575,54.734405595697886,69.69996826360554
219,7.135666650025842,9.201312365565391,13.955367493198096,22.572601592968873,35.89607841134551,54.92701777223893,69.7164185422822
220,7.136674011742716,9.192407941190401,13.947508728873215,22.520194208010288,35.89626573484159,55.011806316149766,70.5284456199207
221,7.1171996926501,9.123227243463917,13.968247233953521,22.569012026328718,35.99514363631182,55.031243192399074,71.02957128389605
222,7.053990736086684,9.067933854619431,13.998575629201772,22.567669118002108,36.28086918150522,55.372030432627845,71.41947177498156
223,7.06197512816986,9.05329899591946,13.969856691484285,22.511686524547983,36.17635452248477,55.38267157085856,71.41164091724958
224,7.001350967171642,9.028512910912228,13.996105108067066,22.53922754707584,36.147451230713784,55.1097702558399,71.26443418024935
225,7.029418176431814,8.976202375648459,13.917872214585568,22.439160692688695,36.15745704511015,55.36508493095564,71.80695128002871
226,6.921342884529813,8.965571217795324,13.887237712684062,22.457422103510055,36.07629940824504,55.85029718741515,72.70901786628575
227,7.019458148307172,8.961265255461562,13.84668170770566,22.442460613782238,36.0804553046428,55.641326907741934,72.46354926878183
228,7.006459211423125,8.94714217624829,13.865914093463392,22.383569462400125,36.103072057894565,55.48784784979656,72.72394772441884
229,6.92588303029599,8.88069178706673,13.860589259477361,22.448082091964327,35.97575395905365,55.91758377117414,72.38406515464959
230,6.86469192625604,8.952948736132615,13.85800098868669,22.417910087049076,35.99927566809312,56.103781698110566,72.63740578250174
231,6.880159580000534,8.924893275543827,13.879898900907998,22.382331812432632,36.14230277393308,55.99948661320626,72.37109196066403
232,6.864149438758665,8.891160273377091,13.853251928914073,22.437297446918215,36.278911242704844,56.03234343556987,72.28004486281924
233,6.809350619318671,8.867277592155146,13.810918797488952,22.380556872644224,36.39151089186562,56.58439934657743,72.73702280667524
234,6.797967145878745,8.808334640730264,13.798698944314484,22.390843851263227,36.36490751935435,56.80657612464554,73.66014839692735
235,6.777323585866015,8.777308780745868,13.784668437337407,22.396721072767278,36.35720182203852,56.71065193380368,73.40321519279334
236,6.776397319623018,8.738034638775071,13.676759593201675,22.3166657958446,36.466000242527876,56.89463568944037,74.08127982284331
237,6.783415332830954,8.792288195584474,13.684233465009248,22.365050376656914,36.437211773787425,57.24525270380935,74.38136497795345
238,6.760961595670835,8.738701164468644,13.662810779879491,22.37555455668579,36.430936175345664,57.143656616486574,74.41321427510094
239,6.752479924064957,8.733866307459243,13.592295793992134,22.354723384505956,36.46318602577349,57.25814101550325,73.86369556315277
240,6.7001613656253625,8.757985905630507,13.583003662537598,22.34625412102429,36.45216851536022,57.50582927086213,74.93419018252246
241,6.707713760125321,8.738434494706722,13.567575133933829,22.30302125942287,36.64020132145829,57.65656105825002,75.04619988951913
242,6.620720164870011,8.700044043464903,13.558176802068186,22.324945410945006,36.58932873817502,58.109192137498745,75.37099953574831
243,6.601549719670803,8.734840926966948,13.569001284145182,22.312765637284457,36.72995194977673,58.07400074992828,74.88896489181913
244,6.615468120370422,8.656137387377498,13.54878824410429,22.337504516204692,36.65475493314163,58.40035410840774,75.10280233453878
245,6.597877076485765,8.61616213520524,13.529752003565191,22.280713332774074,36.83697961632204,58.290070220623534,75.75683022845098
246,6.579989315158538,8.601041520244383,13.508846364179519,22.340447133932933,36.76008846536562,58.33381847038923,74.96016098937353
247,6.54745144821926,8.579367267656746,13.49000653693189,22.306218218460565,36.826144519369166,58.17199456958119,75.10049926729448
248,6.512988652432519,8.500902611398555,13.438422251143885,22.400322827494342,36.982950433018964,57.90863313148886,75.4449778611262
249,6.540280292010347,8.492129271451784,13.41743608020761,22.347793945297973,36.86127585013675,58.0715730872659,75.84467042991986
250,6.521883930527492,8.486776515057164,13.40963455116488,22.26639428722202,37.02586792965637,58.087145380596134,76.34565373383067
251,6.470435809624539,8.446781312693057,13.408404151509473,22.31118369040303,36.885882645165374,58.15411599551118,76.17741830813358
252,6.484293466592052,8.420262881380323,13.392738116962185,22.293178362504584,36.94253501755238,58.31719634041251,76.08300784806806
253,6.433839465149664,8.400479014509894,13.363301562908637,22.32414168449415,37.11188182407322,58.03960518971357,76.25737151908085
254,6.418225094000938,8.407221527029717,13.360864479930283,22.352373061846173,36.89968863605024,58.24908129275142,76.94074728533688
255,6.360106626758547,8.36041940670657,13.33663862201604,22.376420509965385,37.011297401913296,58.650097541192075,77.01902388197847
256,6.385140919330436,8.370262226194217,13.277290329717973,22.333452555402445,37.08228245855133,58.653037480783645,77.14515796541309
257,6.367992001320033,8.304175273593758,13.302135165835743,22.29011470222475,37.141210189657166,58.84668926467311,77.32969460128649
258,6.350912271762526,8.23025949058707,13.295667628573101,22.276892845077313,37.00827308587081,58.83636136440404,77.59742397333223
259,6.366421202220284,8.196527404050856,13.267053376481906,22.250739749704096,37.24616516530764,58.80977090586959,77.29033476363456
260,6.305905342749625,8.22199608215249,13.313923298248554,22.199412551510115,37.192300140884626,59.223767390814885,77.10729119667482
261,6.296619667113649,8.20359260648237,13.304226391201158,22.16090130205142,37.130293934629336,58.894228676930545,77.11154112913069
262,6.257334636832387,8.184383526818829,13.264311136834785,22.239657542366146,37.27607733732276,59.22635948955678,77.39961070281431
263,6.218837795427931,8.16566693695069,13.184339691731141,22.185252928205415,37.30439344592854,59.24672200341715,77.16890326083477
264,6.170686655798446,8.10271191893482,13.222533289423055,22.08384976378372,37.33536769324627,59.5389508131105,77.92218914833907
265,6.155686595304034,8.108309013009096,13.201850895125059,22.024364342407367,37.41420926989542,59.334898660574986,77.68977659848633
266,6.115961263702503,8.08137497716301,13.149511997327524,22.002481817720884,37.67469203154395,59.319431107426055,78.62515748584875
267,6.101239499592758,8.09011592678453,13.121313687505742,22.05267549669571,37.47012943788179,59.14135345468901,78.57660072372818
268,6.047811323779257,8.035513437001743,13.143725640841208,22.038222675054435,37.571397137484965,59.14673579562931,77.98165146876272
269,6.0492376943685855,8.038413513367628,13.174494693588768,22.00269144188858,37.516673588113434,59.346488461046306,77.97432393250655
270,6.018658047393535,8.0279779613457,13.052394248734522,21.94773494989398,37.42007883760429,59.61642341448821,79.38375212222036
271,5.966890263809726,8.041226535152138,13.043297848930717,21.948248373004844,37.299124406124434,60.162374043255944,79.82018090226707
272,5.981271338984559,7.959473679800722,12.993267450999117,21.984508435922027,37.32740016905812,60.34280430685073,79.62158695208998
273,5.957375029091263,7.934840472569989,13.02746728407209,22.01821136018738,37.42581003315296,59.8932325010107,79.6216891158627
274,5.988008959671011,7.887391076635395,13.000962545282505,21.989754277005343,37.39996990858769,60.33605522441807,79.40368282599582
275,6.004529920899921,7.872010543225204,12.958582789925071,21.95387257926845,37.47281042968784,60.19707522704215,79.37709365347747
276,5.996181188748124,7.917368839401929,12.947785213596362,21.920692546397817,37.535156405447594,60.37314071696621,79.4049826438065
277,5.9497719445101955,7.873327541292532,12.937635557301466,21.93872967825468,37.496409351626276,60.3119810511614,80.00884805756675
278,5.901284511941855,7.885772352655899,12.918046317675508,21.951610952301543,37.45516453792111,60.62017628249814,79.98106520423102
279,5.897927693984579,7.926840915807679,12.924225170208455,21.936130934128336,37.7035701008888,60.91024341970788,79.15960402376942
280,5.873001153258718,7.83678634754371,12.858497376148337,21.91184254163275,37.82197644523728,60.440826962226645,79.89265315325888
281,5.85691847878098,7.871445733545309,12.84601765216364,21.88513540897634,37.93725669590302,60.629738349781846,80.55248183374822
282,5.880436322546388,7.826557032487257,12.824099978889173,21.874296489430463,37.72691634984824,60.91802833170308,80.38259111399785
283,5.885561958019925,7.836524392311466,12.839855699394011,21.879834293939822,37.85815469001285,60.707115266675785,80.47581002387243
284,5.812389840803074,7.84397894412843,12.748151259871374,21.981025963530662,37.791137548576046,60.82486725863436,80.67317413675413
285,5.763201516719461,7.832995348811631,12.802010062975071,21.95845825854429,37.81629214410809,60.81566742883742,80.72625161074028
286,5.7892320959169155,7.77771685461677,12.795180693398683,21.888858989434848,37.637345877216006,60.84016638135452,80.5273688465771
287,5.783141042703688,7.764986295976407,12.762011340667412,21.87287284641129,37.68294862011437,60.69943274416245,80.61842691781989
288,5.799810258262547,7.722389658486071,12.69895836760082,21.9363924780479,37.58667359507998,61.02928146171383,81.0805806806366
289,5.732642378945131,7.765624244276136,12.699387214893939,21.966992744419038,37.69164015384412,61.302954192223375,81.76621121689509
290,5.734401546397291,7.710131082328578,12.567518396759736,21.868480420309716,37.71321968884852,61.413616110272365,82.64076777586622
291,5.734271149198521,7.651908540704372,12.583402855344417,21.834997299340746,37.91097138344982,61.4472735270188,82.18703064560472
292,5.676243848059441,7.612352250633664,12.706871632479412,21.83174820995334,37.81804652605888,61.66700373855653,82.33518717531436
293,5.6530056897622165,7.601110590950365,12.567629926595178,21.841389478402817,37.76643972906425,61.7607216183676,82.1490266734675
294,5.634926883348943,7.627616376000806,12.62515803015025,21.770734788527925,37.99200167617991,61.813393631781864,81.7038625472208
295,5.615423632766189,7.611247141737972,12.593297160031383,21.821062932430614,37.876182770641385,62.13638776681663,81.82462118340766
296,5.6230231298684314,7.573907111197938,12.575905025211009,21.739673654947616,37.8840477706226,62.057276943026224,82.09805881972423
297,5.595152622530817,7.538880654123132,12.52751325371475,21.755755442290983,37.930866652350915,62.22975582922181,81.98298476797092
298,5.578040498240356,7.555476507664754,12.533828989081238,21.67049986387774,37.841209842122424,62.13810055725869,82.11122679107402
299,5.516314384314628,7.508982086590471,12.517611743961005,21.720801345820917,38.01828159383091,62.24250340637756,82.58569740083111
300,5.502045931467867,7.494668569101721,12.565684115893717,21.79472667060449,38.03772541648764,62.22880404051339,82.45965458089502
301,5.527184501269225,7.448125080734853,12.52915092428702,21.85886062698205,38.128272201079255,62.381656422420264,82.43254521505504
302,5.5117399699485725,7.435393396903091,12.544531392204833,21.84418516197571,38.032090810580016,62.1373684067827,82.65552922656086
303,5.537345495979268,7.440486689331529,12.512857683377584,21.73747180170743,38.1916265831172,62.29436074385867,82.98486150826758
304,5.468317109899799,7.444719591212182,12.479728448384035,21.69256642433659,38.18636130116551,62.49840493377409,82.43489458726359
305,5.482890784845639,7.419606020232066,12.455515041306963,21.829394492364553,38.03002862548879,62.80842548843534,83.31360812214353
306,5.481464066496073,7.383155048102141,12.41483395210983,21.694536852808067,38.15836472414794,62.93651505773865,83.49865531905186
307,5.5049216565080155,7.373497963798276,12.395594178043588,21.783554598267855,38.480427906043325,62.77123848826297,83.37226966397222
308,5.4655936682658295,7.378525294249305,12.37306824594345,21.73584701508197,38.41763870840509,62.82035779060648,83.9699594854493
309,5.442313114978989,7.375714766852073,12.391686009768828,21.681692279362352,38.335311661301404,62.988223458108095,84.57354143668306
310,5.41474791875633,7.397956723922414,12.289737482266466,21.63154718459317,38.28273488790387,63.11155118453569,84.81980487101906
311,5.364529062448509,7.337121205546806,12.371885839228451,21.633489370143316,38.0665448460469,63.02328935647118,84.95092041540856
312,5.399104375846215,7.336985501725313,12.376291443345464,21.661066458993737,38.1719147181075,63.13366314637547,84.57439419233415
313,5.373744068114542,7.298313623036588,12.233419029621846,21.701535891121175,38.12487558943694,62.91050957188117,84.97984183389546
314,5.37198203770344,7.279306187812999,12.229619436463441,21.68838396080688,38.17745059092947,63.505660867842586,85.39729521919642
315,5.398193891101326,7.2418244150980975,12.227041250034315,21.695879182578736,38.213484031894716,63.31315367510634,85.52491495681909
316,5.3591026162387125,7.201133637673068,12.208338974982066,21.737168117186677,38.24014688510642,63.28691198119143,85.65555733242326
317,5.31303168759173,7.198719108640592,12.23197642165658,21.7392942399052,38.32846442632692,63.2909341486831,85.41003309230562
318,5.3393746906386275,7.168104821947248,12.139946376893057,21.627200476946435,38.325825045276176,63.77970981035881,85.47864705607815
319,5.372295699016829,7.177312166695016,12.07386209158358,21.660982948875095,38.236206539007256,63.72051248401777,86.39546438081503
320,5.3743924035921395,7.177682469815989,12.106020662079679,21.689778544109153,38.18477623974771,63.32627403081111,86.18734652378926
321,5.3443649487779545,7.205337254680812,12.085255368748019,21.668615401701395,38.13283670925845,63.75367804276918,86.53191550021086
322,5.314727620853258,7.165830757780977,12.123232198768985,21.608886881068184,38.11026877046033,63.66613512147434,86.94101020452027
323,5.294260022580311,7.150191656936933,12.129342934921766,21.55246977446332,38.24784275612481,64.20424805768093,86.85815339139315
324,5.2724599909062455,7.148796428733284,12.126874003990366,21.58032363449751,38.25947784168647,64.3896216772463,86.84640894577014
325,5.263352653440427,7.158056281512197,12.081227609813256,21.59343244081787,38.35093522318863,63.84847678129082,86.60435160679474
326,5.225605714049188,7.125683302019803,12.082289485640153,21.637708394840836,38.48222904461299,64.20356747975794,87.10077110310253
327,5.233037704304749,7.116916457285274,12.068679479700418,21.671172085676638,38.64942424724883,64.29637453716417,87.35824228163544
328,5.24517660622537,7.058057579165778,12.045643491883329,21.568819603751173,38.619262652474184,64.57092698056753,87.49523606348247
329,5.192501555151613,7.057253507289481,12.050712609777957,21.617342675834482,38.634602507631286,64.92243457075652,86.81967435959335
330,5.178849596501571,7.030559815406799,12.064474692941447,21.59481970294486,38.754199353277244,64.73854609560323,86.82591479982554
331,5.157561174051204,6.979955739351196,12.056691247411779,21.67683697258586,38.81868696439082,64.57253935879564,86.41315782015072
332,5.128510575265232,7.013889877601509,12.058790674927742,21.605410858612814,38.74047515874475,64.55951649611882,86.8951029684714
333,5.112655991687065,6.981979360877096,12.047079543408937,21.69905229628384,38.69308982545276,64.74783768527598,86.80622246501791
334,5.125412332191403,7.0047815863401715,11.988304979723624,21.753750336610345,38.8195745535121,64.54109782694198,86.92067436532803
335,5.12927664795667,6.9697902329640415,12.007626112562011,21.70060182103913,38.551732187338445,64.368633800932,87.98990719114316
336,5.084252408028959,6.980437264978229,11.944921159365881,21.595152757790366,38.90016719251466,64.86345259788492,88.45987922746923
337,5.0724969377001505,6.963867763436131,11.952605011734118,21.501460782004013,38.96908811914552,65.13593349324071,87.3967096053895
338,5.088264365065833,6.934733988180346,11.98738909872342,21.487088352949506,39.04133541569066,65.27377960020102,88.3111088722314
339,5.081276848821922,7.0157383463922,11.974321411636911,21.429418347641526,38.82833014207248,65.05495413561205,88.56627296204069
340,5.082582906635217,6.948913218837548,12.012246113738398,21.513707580627198,38.82528859970748,65.32296125899738,88.79963899172061
341,5.091959820165962,6.9308225612526595,12.00913625896089,21.45022843421276,38.71436673182753,65.51738756345843,88.4404188602569
342,4.979774598848405,6.922448635439982,11.963182483919493,21.485081330234127,38.953224133459194,65.30582726483148,89.12457802754986
343,5.0346827893186745,6.940608550416294,11.968397075003104,21.517040401326994,38.86469076969961,65.62022508479978,89.66775454998306
344,5.015491107066128,6.9449941048925545,11.906102230717881,21.47714649682448,38.950235483200615,65.48891161582074,89.86046274986879
345,5.019766072295223,6.917115063700497,11.860370040353587,21.398738655497198,38.81881090761833,65.07608871687967,89.72850344857463
346,5.036762520205473,6.8915449136494376,11.895359322056528,21.385133876269713,38.71142000830081,65.56514178594873,89.83681323250063
347,4.95495465684108,6.851484435996047,11.850315676999614,21.320198773398758,38.82641565796408,65.63976780062605,90.01316098878051
348,4.934181113492302,6.885142659726015,11.84167268712346,21.405209661430305,39.0043289126593,65.69677231967614,90.59567629302151
349,4.87358285190765,6.846803822824757,11.8080354473272,21.423372301704966,39.11558332130274,65.78896848309702,90.30659771521498
350,4.8928840243757215,6.855610977167474,11.853814807416033,21.329927621249652,39.02031876128322,66.38647804981676,90.22933831654692
351,4.878239546321563,6.847221818770226,11.882133033443289,21.354779475573235,39.13135332614947,66.09122980418707,90.44952734733066
352,4.8888949834442865,6.841338964136135,11.835548749047085,21.436966581747463,38.879483318541595,66.17409165702873,91.18394187567777
353,4.878510981671214,6.82506788622833,11.82615076695398,21.35590916519682,38.94308737372088,66.30617189523736,90.56147850365174
354,4.892489881015664,6.836250660298726,11.846338997015222,21.383400528888878,39.01066482523478,66.26488777291365,90.45386639141435
355,4.860033173001283,6.818575262780894,11.797210888661457,21.320620104574168,39.155181098520714,66.30327516612157,90.82529997350197
356,4.796389719547099,6.780297492892287,11.770716916058076,21.3443237471806,39.14988513979932,66.60248805001802,91.8572677478975
357,4.80862888364334,6.797086042472785,11.744562166081106,21.324960174634406,39.15060155363331,66.55905658423553,92.76909472316744
358,4.8480815207767005,6.749791511188267,11.777132526410876,21.287009449313455,39.38657609568581,66.53212218197915,92.45153960580829
359,4.788742545143757,6.714951635186967,11.710802406324218,21.297920173075354,39.49292448310874,66.16170317969025,92.72242569038694
360,4.78733277268578,6.702539147094425,11.68939785625328,21.21484941146182,39.39714306502974,66.53985943495626,92.60545290869969
361,4.801492539306845,6.749404655802457,11.62070581554979,21.234594383118583,39.53178726639598,66.30757128026399,93.01561733421923
362,4.80214353080372,6.741777851099334,11.592450139631081,21.24645743601438,39.59738093986138,66.2765446228075,94.18834970707931
363,4.791158346851382,6.738613118302238,11.609965525574978,21.174280465064903,39.37518305181441,66.17189178006471,93.65196571415802
364,4.763380181322105,6.711791972223303,11.600005260908537,21.205755814228525,39.34845456845006,66.06993031440588,93.57877197672558
365,4.7809940163472415,6.744089276203048,11.523170288018328,21.204771809894417,39.669323437672446,66.26736140264846,93.75110633937095
366,4.797940355329859,6.717414892274759,11.519134443626744,21.15539796146647,39.37360645083196,66.57816670246804,92.73555168473675
367,4.772920219872697,6.6844749239629735,11.507856874513443,21.2557097386286,39.51210634347815,66.70946740214046,92.49217883623088
368,4.792603878293395,6.654907440354873,11.483716162732897,21.221113897272453,39.50569847443629,66.67248168079342,93.56888671967792
369,4.8189888444630595,6.688794630321185,11.5107553466929,21.31138709807395,39.436535538861975,66.7727487723837,94.00003173805551
370,4.813928290894265,6.645408608983534,11.488098439913006,21.25938696776187,39.20506879289684,66.86449994960059,93.94300404073077
371,4.84383832818997,6.628070924154876,11.461930099084457,21.2941438164619,39.539209553477114,67.27560291911593,93.45711573668602
372,4.791044091311043,6.597336305671472,11.443137396912972,21.210249042316764,39.46882029136486,67.21260321703842,93.07717955395961
373,4.767037613287287,6.558349336762672,11.448867189400078,21.304706384698267,39.51372910368204,67.2133187197565,93.14304741784831
374,4.754011845163211,6.5396004684145375,11.503002029650487,21.18831875154823,39.537745061213215,67.30562673171481,93.07575956080353
375,4.713695338907625,6.5625953764388765,11.468449597819967,21.175563682507388,39.53034242807533,67.45011052664331,93.39788428087786
376,4.669769868207676,6.547111186327866,11.448025471655399,21.167069767987954,39.56095609538329,67.20289183474434,93.3467561170683
377,4.656200419411642,6.51967099324111,11.48786469417135,21.180632580277532,39.66769969752319,67.48073680401708,93.58563321879072
378,4.6359541925396615,6.4909452992072625,11.47955920534513,21.18660403267622,39.636405642364316,67.59976384758836,94.48546840420222
379,4.668193849455157,6.481211880718135,11.454051974812444,21.22087319521294,39.59056412829702,67.57651118859292,93.75243600094544
380,4.605594187075482,6.474396207167545,11.43438146060726,21.132761366677727,39.73474952729116,67.93155211555317,94.62979953474853
381,4.599860956745622,6.456857255832077,11.386508828587544,21.185978355845933,39.546701140646086,68.2302331719621,93.99087440902562
382,4.598155368255291,6.467062056465297,11.368904727924658,21.17163735561776,39.421468212017515,68.73251868983516,95.53257744100594
383,4.609646283535653,6.437749846533369,11.405123375296295,21.15270814254084,39.40429696728752,68.57846128498223,94.80336565823873
384,4.5780912934215525,6.444693447155346,11.414260303413737,21.167179153529375,39.67339082597693,68.7147716893873,94.94902175236506
385,4.568395137071962,6.428482943838992,11.412685960584778,20.95131436945264,39.49881122134262,68.56416571412764,95.71371878982548
386,4.564607217166335,6.417835617995974,11.393097336250626,20.989517678290884,39.58155056557004,68.9182348599915,95.23674905692829
387,4.535561001752993,6.4131119711531,11.382319588045501,20.991133672070006,39.5562100710801,69.12554335548573,95.41564372993007
388,4.531182471485723,6.420151231043379,11.326986313572228,20.987516747161045,39.563430619464114,68.7524631348404,95.5649865491278
389,4.534738475789951,6.385740271596187,11.337250133940827,21.003398282893798,39.57052792023918,69.61905838378138,96.30495664730165
390,4.493533241025104,6.401548223726555,11.372102867738327,20.899758325006342,39.47791123442303,68.9339507613929,96.65430414570663
391,4.521264580752086,6.348932531480998,11.318663102240093,20.895011249869896,39.722341405205356,69.02275568358642,96.96374316253201
392,4.491195198690445,6.311025233252861,11.32499956451548,20.853719563877412,39.66713121833183,69.46255037439771,97.39463718405415
393,4.508124181049362,6.309439676386021,11.333270054471992,20.839196335617522,39.531175830587586,69.11448545486711,96.74007338572582
394,4.4531230358156755,6.307540975306818,11.331773479058022,21.016892864314876,39.53522830496402,69.58241416118568,97.0344209506847
395,4.491236327498763,6.283728539540493,11.341203930236954,20.994744741251303,39.680210175602234,69.53097822982346,98.261130312984
396,4.4471843141662895,6.334858145783004,11.323424346733125,21.059701159214356,39.69677880489449,69.5341794038534,97.88593862846918
397,4.432377163868999,6.338829781452855,11.30100224373573,21.00507259947078,39.86713701812999,69.81239456505953,98.94525233232233
398,4.451128736514675,6.261922823984282,11.309440954484847,21.101651282333407,39.795589283364535,69.52112778435759,99.0306325179134
399,4.456999681219109,6.342491194837347,11.310589653468327,21.09963756028761,39.52965376138967,69.2403479931113,98.0338283331559
400,4.431550109634681,6.322040559109707,11.282116190617412,21.02334681795218,39.66475871350872,69.39861374557725,99.12434424474118
401,4.39182589047314,6.284049355111922,11.223570533464487,21.085332717652772,39.79916899658072,69.70576393664332,98.50240564764822
402,4.395741337521456,6.303855549428329,11.217584493483812,21.136030616972967,39.89932834931585,69.65797672321135,99.88120889423355
403,4.34024521938922,6.280457604323683,11.242844284117973,21.0189958516797,39.81576816886904,69.75032685253501,99.31061190250074
404,4.312748425610672,6.28065727518947,11.187600425338625,21.050070521667102,39.825441551168,70.31333387529128,98.4476986500228
405,4.327350307225192,6.220996273146874,11.170950143595885,20.932800798626708,40.00242245313271,69.92163345510538,98.56762707273737
406,4.311680596777515,6.238445344059208,11.149787934467993,20.974136760698087,39.90412216931624,70.00554855786501,98.77252489361052
407,4.315400279771692,6.241985713449879,11.116088624376827,20.99529441108973,39.817207106668974,70.371692808093,100.04709548478495
408,4.267953926855598,6.208802334887549,11.031740252333734,20.997429557831055,39.80271411347248,69.80222412852095,99.63925622742707
409,4.22272677648139,6.183802462418942,11.044172030884955,21.075624964278546,39.741719326310815,69.88536530867924,100.50365450009063
410,4.228258948999677,6.20184725967109,11.02396957387153,20.973877166219673,39.71500392122326,70.06267229124667,99.94597752756026
411,4.211994420382298,6.1361728586756925,10.988910427293447,20.95801208858836,39.73976593333625,70.42571999685723,99.648128376495
412,4.250668036187002,6.177324591193682,10.989124001201168,20.90696909621998,39.900516725682664,70.73936996572684,100.26033039601859
413,4.226284465371687,6.141108708098096,10.995312333829613,20.97016810464499,40.06110196922559,70.9148930700033,99.5738247772872
414,4.213027107519367,6.090292619387491,10.959297798584114,21.068403131410292,39.915679989318996,71.14980561088129,100.42472626735234
415,4.204482323256424,6.092346625869836,10.910032399300116,20.883878662674952,39.93661168780213,71.22280212847666,100.16265427728904
416,4.188755444497995,6.0787084945440775,10.844050322119369,20.94417695826037,39.94754665792536,71.65707500208848,100.98249190012537
417,4.159528600910854,6.081404612209499,10.91197319025603,20.8667257992224,40.128074743262275,71.67502624683328,99.65507652805107
418,4.182456000253025,6.089247574606195,10.899119871204041,20.898172744782986,40.21724484258785,71.53068803525518,100.22722992657405
419,4.132897097085931,6.022245418259247,10.868048877443577,20.807538618074254,40.41092931701228,71.81565851812606,100.72487472897083
420,4.117207815341518,6.083047239872954,10.942995204036565,20.774353295601202,40.20830487152102,72.28591052933432,100.18392700548803
421,4.109963144552973,6.018979571164438,10.905060980748237,20.784483078344408,40.40535012646379,71.66207901702757,98.88938318385182
422,4.112679902029362,6.018662204764317,10.899789298616204,20.66520830375852,40.255248689378355,72.38963583298748,99.27880380467658
423,4.099900350693093,5.999258583765641,10.87506356870675,20.718337352532515,40.2894174937769,72.04018328679922,99.56462277502787
424,4.09388982662848,5.991631033840036,10.816951600032594,20.688610510939732,40.17144915546614,72.65048239966453,100.0102826101134
425,4.1101189722777525,5.940587412375325,10.821876360744458,20.710696259463845,40.131686210507425,72.96093122919865,100.03007683903239
426,4.119689297116332,5.932201383835209,10.775522887450652,20.7482073872774,40.33126604271526,72.91248614145472,100.66938454941919
427,4.117354086510789,5.93271065544571,10.745331678439666,20.60027763277394,40.39717210606811,72.90879421884406,101.32986041399116
428,4.112110587197115,5.941940317856672,10.780140211695253,20.58549528034729,40.11920079603098,72.36512749504625,101.64964334698992
429,4.08541422038722,5.911240094333564,10.737346250276406,20.550247685059485,40.32927680674407,72.71295657240522,102.24626013780428
430,4.088087014551192,5.902101737404304,10.707962710118835,20.625182923523013,40.43281754833522,72.58142897646782,101.58875313901046
431,4.085740185984609,5.921257951337336,10.730081006099505,20.591923711851607,40.53129341301738,72.66512395122027,102.15924230813636
432,4.077680281366471,5.919191046688493,10.698821894438263,20.530755660331685,40.544315923027995,73.04979973705929,102.68470368143218
433,4.073735592986087,5.961417127832098,10.725462872924634,20.507632390112008,40.612412528606455,72.95136460484424,103.97592961649617
434,4.08370398534585,6.009511509244547,10.757715565812765,20.479442815967637,40.603137420666584,72.75393166576967,104.23224320352728
435,4.069066575837369,5.9482122112869575,10.747103207950056,20.5025501261951,40.49059795215013,73.31435080187214,104.81289458320124
436,4.073150345418746,5.913578947893008,10.73521373595292,20.51415744397693,40.53914570793807,72.96526944177856,104.93418119111159
437,4.065504520040763,5.914132122277856,10.692865859531615,20.44305032531852,40.504463690650105,73.02255153441652,106.00391360389868
438,4.037388659292097,5.884901468630977,10.61671059942926,20.547140659411454,40.746910471533496,73.20970678918113,105.50768742748151
439,4.054424740157469,5.903171013216078,10.627691723712068,20.53559336423307,40.65076831294511,73.3403273501477,105.45849614227731
440,4.06468572852401,5.936562626092629,10.623442068193688,20.461584340426604,40.716136517611766,72.9476628353626,104.72153009670014
441,4.01837257069758,5.918382308513105,10.62445345605792,20.52772790873493,40.749600913609044,72.78085688737035,105.22966206043021
442,4.034142437358222,5.879838427869609,10.676562247670432,20.485784326397752,40.789619454082825,73.04455596555226,105.6483415008879
443,3.988629095474179,5.848294609385548,10.667112609072252,20.58723557989184,40.83784115699274,73.51033717853124,106.27274491227851
444,3.9825730198711606,5.85615465068337,10.68410545042117,20.582399330550896,40.673100333311844,73.5111826563998,106.97431244196805
445,3.992388645155942,5.855876032603473,10.637004237386062,20.490016664553856,40.730850047066276,73.4169822914002,105.95116371769083
446,3.903761106967299,5.814019395803428,10.628799179292491,20.590305368998486,40.853138214689366,74.09936048080485,106.73448907118379
447,3.958083542854675,5.8060274269756516,10.57719673028592,20.42862179211549,40.72970532603254,73.57240079936221,106.26623674249092
448,3.90620398086686,5.786156649166673,10.561106612979668,20.449079614967168,40.67065604098238,73.48606119589353,108.22045444491313
449,3.932552160025381,5.753909463393922,10.586415413699601,20.501104713298957,40.55671232604342,73.95076552495169,107.64150146547802
450,3.958319964295048,5.769354455529566,10.531498162333506,20.406424577482074,40.56452713863578,73.91947195901459,107.87450730787462
451,3.905349199523022,5.743149573401683,10.562078539963714,20.404266343469516,40.650567114891324,73.83117727407726,107.70859696262846
452,3.9258556623243037,5.756655517901552,10.544336137267237,20.493660263172956,40.64918270339867,74.28592838033771,107.69543549316849
453,3.9348640047704913,5.717435966053715,10.600083946977987,20.438830134251774,40.531573920871836,74.20967830942007,107.73061685506931
454,3.9207011482424488,5.699894109066577,10.562337306319007,20.413955988793923,40.413610815907795,74.62011049922884,109.66358972365417
455,3.9257290737162656,5.712111638348548,10.548172084648225,20.383990189797046,40.54277127917649,74.86722126125937,108.90656971593535
456,3.881910079849096,5.691767772198373,10.493376112205118,20.45415310077696,40.52903629012184,74.92387785289908,109.11396644785317
457,3.86585079467319,5.675099631519318,10.456778907441155,20.434278900679068,40.66535618892834,75.19098731784976,109.59753802956027
458,3.8488211746514414,5.670052798688079,10.471096013787866,20.41266799933861,40.63206173893713,74.51862131303265,110.21036690721664
459,3.8800321323577136,5.689957182336165,10.415465954749449,20.4023836657637,40.736848777404624,75.0095746164016,110.039045924144
460,3.8834343050353635,5.719781045470417,10.43405566527418,20.369956457710842,40.73739782537024,74.93085293598965,111.14849186187091
461,3.8935857706790853,5.697266171315508,10.372694022549464,20.35340181538378,40.6774826251884,74.74442339969596,110.42003240479515
462,3.840287483693209,5.639996091646281,10.367331936076232,20.37042492928498,40.65235016317476,75.10059744996381,110.13526069244335
463,3.8602977949557276,5.6600359008685155,10.34377605996142,20.325246945221373,40.70056028605594,75.23140345047341,111.20335408086274
464,3.794153848670714,5.626710380476435,10.35238866563579,20.33525739736455,40.869641050481036,74.94466856952769,110.7995061447998
465,3.7911256476236677,5.631524482203082,10.340474284220482,20.28368273296825,40.81023528303205,74.55151204596709,110.93977644100421
466,3.7831272184489078,5.630105592995572,10.371815332785879,20.374711689824558,40.80948990884102,75.26716332471871,111.23096236244331
467,3.787223302629481,5.644918267742981,10.362676260245436,20.31363176083606,41.0317407583403,75.10474853573719,111.54631755233635
468,3.7934783190755,5.6402477532164115,10.373534208121487,20.282354239700844,40.919366391953844,75.31788156559556,111.24871393208757
469,3.773571085673064,5.607090374630717,10.289515868006724,20.2504657946793,40.77838943853367,75.40261765741889,111.3646370391385
470,3.7547815153338977,5.567833081627278,10.335487121438192,20.31102516284301,40.857974163840765,75.91795657285111,111.56540847884042
471,3.7548888293466374,5.543729297532383,10.334781228839793,20.35712965604111,40.918516893185846,76.19069087271293,112.19288339980211
472,3.753451237017522,5.557671418916096,10.33175862052979,20.36265480014672,40.71119977113412,76.10342519282149,111.36989034354745
473,3.7549717480819744,5.56424137855061,10.33324756378342,20.28262028396662,40.84564178389763,75.80658115990974,112.39712659838342
474,3.7715719007970474,5.608256123805512,10.304951798136546,20.353012779692513,40.97675000724183,75.5912148931591,113.16435105267594
475,3.747447600189853,5.586710581253629,10.266864326501512,20.28302610421519,40.815113475195396,75.71139666980741,112.54201481586485
476,3.763162349411155,5.537980294981589,10.252005841278867,20.157930966711305,40.693927697934676,76.06118372141165,111.58672386268867
477,3.7531248910166086,5.502273071923478,10.1905837299656,20.177510629327852,40.69669570408516,75.91269405635425,112.80100212314437
478,3.743189336573903,5.537792300849418,10.179515636274004,20.087484433342443,40.95819428690935,76.35297710780888,112.93223982007095
479,3.7247708104336623,5.553077356141237,10.192597195536226,20.11880866956347,41.05410766850065,76.55972010215294,112.52338329921335
480,3.7486894271256466,5.544010937929706,10.1548420445886,20.084305696696617,40.87202492410322,76.4976813169319,112.27041778415801
481,3.7502409975276887,5.542566977104693,10.177278841876635,20.183488656273866,40.61857689295077,76.48745451754846,112.17572673214268
482,3.742975029052343,5.495790584256007,10.183831858779051,20.13626329349595,40.82253033779284,76.70146703680642,112.29811394121393
483,3.667300183990747,5.533057680962748,10.175165929823095,20.141145266467763,41.06350557232882,76.59589841476118,112.32079877684528
484,3.649709148943112,5.445844606360441,10.175411859796732,20.193209901869388,40.98424158847368,76.92777737146469,112.4323090544961
485,3.639800268673301,5.476286013411122,10.091354972535996,20.17230327578504,41.096594942050814,77.07837003537934,112.91689343961146
486,3.6595496238687595,5.466250758142798,10.122198695423139,20.195118667865216,41.11518283967699,77.12655193111603,112.92799552955927
487,3.6339079533167524,5.4703057749640855,10.126690100630206,20.179796336909412,41.12785154456089,77.71093604261623,112.49239319877562
488,3.639282660760052,5.43850925910522,10.139708533532046,20.189326738772735,41.16181892916349,77.87299446347194,114.24493017088287
489,3.595696108660414,5.475774450823054,10.14871123856729,20.17369706504109,41.197318745023345,77.45417389907243,114.16121525340505
490,3.605477669203729,5.434411801523295,10.145547857393048,20.13023927677299,41.03051159292239,77.39233047472264,114.64783839848386
491,3.6086991822918746,5.415344124288185,10.136764849399228,20.20780911480862,40.98372802565812,77.88759513141704,115.48049095878581
492,3.575944273817058,5.354005004034268,10.10074372399739,20.271178136060026,41.138528515617296,77.80685698564866,114.9301209110306
493,3.5275067680382515,5.328261914446956,10.058780936054863,20.28464750426523,41.126157945708016,77.65152057432567,116.30867100269074
494,3.5433591086689984,5.3452876959409545,10.042276616963498,20.253769494347313,41.17064851816507,77.14946347601511,115.3985261231468
495,3.517573025909182,5.345938476020233,10.027080776833134,20.228094831384574,41.13628468610538,77.99525596590436,115.29504420707516
496,3.4774826353793338,5.303860430377309,9.987079047618211,20.204496579462457,41.22354386157834,77.72640596419251,115.03055999956923
497,3.5289818637667363,5.313651523712565,10.046993985875321,20.208819932299892,41.2535998631275,77.89497090881287,116.545937530158
498,3.537441590080697,5.328133954402916,10.019633871894332,20.293112106240443,41.300899064721776,78.00829724764986,115.4549407619404
499,3.5463546023712835,5.326847920431669,9.966258820779853,20.240093647953955,41.375856173110634,77.84851925523661,115.25726482253403
500,3.5533537483200286,5.29311405808764,9.988086032056314,20.270993270161043,41.574941975772965,78.16769766999383,115.69688722235198
501,3.5260961677844844,5.277247679749554,9.977310963086385,20.21217594130833,41.48084648334128,77.76607104103724,116.36050369285543
502,3.5520527142324214,5.315019005786263,9.957229133359233,20.205860152270766,41.63262724276686,78.03546546130238,116.84931485415468
503,3.510331939724019,5.2867183011599135,9.969882779517295,20.209042513276493,41.3735849060254,78.35744831338154,116.04897064860447
504,3.5201629544187543,5.286341880829769,9.931808228054777,20.10160763144657,41.47632628486342,79.0394638697485,117.12442563449775
