date,P5,P10,P25,P50,P75,P90,P95
2026-03-20 00:00:00-04:00,33.83000183105469,33.83000183105469,33.83000183105469,33.83000183105469,33.83000183105469,33.83000183105469,33.83000183105469
2026-03-23 00:00:00-04:00,30.157323635057008,30.941854117735605,32.26747046272599,33.769776515583864,35.334409539409044,36.82303677338048,37.72013974043387
2026-03-24 00:00:00-04:00,29.92292627669539,30.781884560904814,32.21671905190541,33.825600079508064,35.43575202358339,37.05396906957627,38.04234989675734
2026-03-25 00:00:00-04:00,28.25995076895016,29.456879853038263,31.427160295323393,33.76802823818569,36.20782608482459,38.60087276465848,40.035716752811474
2026-03-26 00:00:00-04:00,28.02146180223583,29.250353381263928,31.314419179647647,33.78987635968662,36.37338804950968,38.82045233423643,40.428602821238314
2026-03-27 00:00:00-04:00,27.04777780044355,28.37964694667686,30.801187623902702,33.737965775506154,36.89478161572279,39.898522026414085,41.78870132505923
2026-03-30 00:00:00-04:00,26.78120094464397,28.23497732407159,30.669524559514045,33.70108548766979,37.07963240906914,40.16980580190401,42.15196998651571
2026-03-31 00:00:00-04:00,25.96657755910605,27.464860434726777,30.225827532672685,33.70472276399607,37.441665152578835,41.10524483352751,43.5132392378672
2026-04-01 00:00:00-04:00,25.7340478866398,27.30868890993493,30.12872601549077,33.76084582383169,37.49542336557391,41.41694720509073,43.81090246124207
2026-04-02 00:00:00-04:00,25.136552360222566,26.768753390695412,29.86509819754842,33.61542693974394,37.845443284439966,42.20100224095307,44.858348013492574
2026-04-03 00:00:00-04:00,24.90623721305383,26.597581182015986,29.792694622339646,33.604828692506814,38.02207449501299,42.35101050325305,45.15729605111202
2026-04-06 00:00:00-04:00,24.311611224571923,26.144885769262103,29.311530726046485,33.461529980852916,38.30569259065216,42.87964567413176,45.98319359245297
2026-04-07 00:00:00-04:00,24.165996014142575,25.98609657434895,29.214796726938552,33.507549323419056,38.41267159696183,43.27511589851037,46.32624286611953
2026-04-08 00:00:00-04:00,23.64319416948161,25.50974256738452,28.96939809851083,33.45686797746839,38.654397857511015,43.7375812110784,47.20497222368903
2026-04-09 00:00:00-04:00,23.40619778836371,25.358473935090252,28.94469801758195,33.470723086978495,38.74700527675733,44.14988878998212,47.74844268101839
2026-04-10 00:00:00-04:00,22.892705427125783,24.956579715979046,28.665798632433702,33.39687494892633,38.94764442511294,44.71408171323664,48.64722827551646
2026-04-13 00:00:00-04:00,22.71904019985466,24.777321177441916,28.621493458394973,33.41043956181463,39.0786886954717,44.98096625093034,49.077653983952956
2026-04-14 00:00:00-04:00,22.37049455585101,24.377664366047327,28.410747385004548,33.41513533954282,39.16575507849918,45.731249119663396,49.91283921538244
2026-04-15 00:00:00-04:00,22.181786357969074,24.290419523860656,28.31277550313175,33.443544077566145,39.395203986115746,45.8744773934266,50.325569146009904
2026-04-16 00:00:00-04:00,21.979215453537957,24.080884345295292,28.083071805900744,33.34049209897267,39.60781096815936,46.497157511101605,51.21844299074711
2026-04-17 00:00:00-04:00,21.726627302599162,23.846283134751967,27.981717671525146,33.29853547855501,39.86011799326936,46.82426466146711,51.47658737574245
2026-04-20 00:00:00-04:00,21.368955236887793,23.53565269516431,27.779160647026128,33.18369190408894,40.00287710007611,47.303419483434254,52.12164671387615
2026-04-21 00:00:00-04:00,21.296713692559937,23.42747515821655,27.686173357812,33.20484510066468,40.059672950563034,47.57214790316154,52.21862449265742
2026-04-22 00:00:00-04:00,20.99589985406939,23.206996507749807,27.500994165339538,33.19208741677502,40.16469627972991,47.75455160397449,53.05306790846085
2026-04-23 00:00:00-04:00,20.833938404956704,23.06931183919479,27.476056271622802,33.22879365671921,40.19296817720155,48.118391146657714,53.771312690380654
2026-04-24 00:00:00-04:00,20.501378827150702,22.88196184486992,27.2496349626492,33.233515690995986,40.362357426362834,48.80020622141582,54.15645937334937
2026-04-27 00:00:00-04:00,20.315400996541243,22.71858481150469,27.15312403512761,33.16290644116171,40.561910435394466,48.96752864092756,54.406443729725225
2026-04-28 00:00:00-04:00,20.114816938880512,22.483872914682877,26.89834102655555,33.15137656815671,40.65251910271638,49.20256084747782,55.0439240512643
2026-04-29 00:00:00-04:00,19.946411588415575,22.3353945256466,26.743822005797263,33.04901686368278,40.73480084874099,49.46637058379207,55.25025659501613
2026-04-30 00:00:00-04:00,19.6827235810816,22.090635854598656,26.66317733917175,32.957505599676026,40.90422361618595,49.91965478448618,55.62494917379692
2026-05-01 00:00:00-04:00,19.512278119305144,21.924460777788067,26.60976054847639,32.959810119712756,40.980695676175515,50.132626435977194,56.114531307598654
2026-05-04 00:00:00-04:00,19.238921518279014,21.721357107012604,26.379054809531603,32.952291336895655,41.18751216300012,50.42960352566641,56.819750166006564
2026-05-05 00:00:00-04:00,19.182073272102095,21.578488914351908,26.37740393990517,32.89140815215022,41.366338732539624,50.689635318595855,57.32798740632261
2026-05-06 00:00:00-04:00,18.89422097197165,21.466290676615117,26.284055380580334,32.83131187015674,41.521639299993076,51.15417066008098,57.75854837654941
2026-05-07 00:00:00-04:00,18.739525290606906,21.38534448484768,26.18441816377933,32.81248042031869,41.52746355979038,51.052756203621136,57.80491926695321
2026-05-08 00:00:00-04:00,18.55344296494553,21.257765728761946,26.164549729723245,32.86259657735005,41.59301968194804,51.15085781031187,58.489813670339466
2026-05-11 00:00:00-04:00,18.38319194246033,21.06111038794841,26.07447302222706,32.91085855435931,41.74503991155903,51.38000701608989,59.06818305733635
2026-05-12 00:00:00-04:00,18.2156958745095,20.886047092696923,25.929329583716232,32.854415968400474,41.86784888657934,51.79599162779839,59.40149346781131
2026-05-13 00:00:00-04:00,18.10641350295746,20.723879297550006,25.833356867406117,32.806057512857144,42.03845291535944,52.02157268822393,59.77709831735073
2026-05-14 00:00:00-04:00,18.04383866553762,20.509542801764777,25.692116160146877,32.7366236856816,42.25662282163671,52.26868805176654,60.298736058306666
2026-05-15 00:00:00-04:00,17.88500774386663,20.4710459847318,25.560844881427776,32.681304922477814,42.36183748415239,52.72759652349863,60.65171596559987
2026-05-18 00:00:00-04:00,17.642234616170807,20.298276245648154,25.52099371346352,32.70279080878912,42.49617654865742,53.248901106418764,60.99651976122976
2026-05-19 00:00:00-04:00,17.540579639537846,20.129564041536433,25.399379769039413,32.68164393136575,42.568034020241186,53.27334342804092,61.593129957291175
2026-05-20 00:00:00-04:00,17.422318436567036,19.9634363783367,25.35504345262082,32.599576732872436,42.7048307864104,53.55070149031247,62.02275987280291
2026-05-21 00:00:00-04:00,17.17524357893971,19.89481824260946,25.18797235238862,32.70078382666753,42.67397708705276,53.871177915676896,61.96816517416025
2026-05-22 00:00:00-04:00,17.09827385619148,19.689086605477556,25.09056278009185,32.71246916614943,42.749875155392694,54.07941508091216,62.43467244389531
2026-05-25 00:00:00-04:00,16.97141093050669,19.644879012908806,24.92107339385837,32.71530706812361,42.79732930199087,54.35030466905901,62.98887321839026
2026-05-26 00:00:00-04:00,16.791032077849728,19.5392995985043,24.806060948585014,32.575644444601096,42.707184913046795,54.69097638981533,63.22357895321785
2026-05-27 00:00:00-04:00,16.67368785313604,19.356487583866286,24.769047159427974,32.53895620149941,42.79234045437205,54.81966294733898,63.329929923489644
2026-05-28 00:00:00-04:00,16.47785047717413,19.28611095155421,24.680524110287557,32.65518558165702,42.842279297476566,55.01457755324561,63.538713591491955
2026-05-29 00:00:00-04:00,16.443518626023746,19.166966789234536,24.565698318655315,32.61363526518589,42.88379121269575,55.315085489149695,63.76067136312078
2026-06-01 00:00:00-04:00,16.232320347326784,19.133781013759926,24.366187081576935,32.56893988954387,42.91148142257394,55.36470677982457,64.49547144084167
2026-06-02 00:00:00-04:00,16.174090282643203,18.96854766785089,24.25296640547682,32.501305391266854,43.17099165118172,55.53005654104915,65.47558992235884
2026-06-03 00:00:00-04:00,16.086890585413254,18.85782639712101,24.246352675197972,32.40300247832903,43.251802650728294,55.928623040809754,65.61631933500732
2026-06-04 00:00:00-04:00,15.992682472628955,18.688818580876784,24.21489888984498,32.35811590890181,43.31774915368723,56.17185313278845,65.74716102225588
2026-06-05 00:00:00-04:00,15.857318665681126,18.6094669098892,24.09525247906764,32.324954336003266,43.3610115447174,56.44442864080687,66.55212705359394
2026-06-08 00:00:00-04:00,15.598559775415026,18.451299595295445,24.141487254316935,32.272138254974394,43.44235303845635,56.61721178123577,66.4685751333342
2026-06-09 00:00:00-04:00,15.537900210628392,18.44900109151546,24.124225988103866,32.25151298139862,43.580884388037525,56.90915853466647,66.89866909223072
2026-06-10 00:00:00-04:00,15.505592936607046,18.33803947780099,23.943554418858955,32.19534184614797,43.57697215222207,57.12783719405664,67.24664291010613
2026-06-11 00:00:00-04:00,15.30642889786105,18.20523569129621,23.834343099962208,32.209713852683976,43.56102576347135,57.19382704066264,67.43461816610417
2026-06-12 00:00:00-04:00,15.268773991361098,18.051937355668876,23.769326985433754,32.3498697970039,43.84763814245957,57.39316549684887,68.07559497084746
2026-06-15 00:00:00-04:00,15.1614533884846,17.918283334760165,23.65537304760662,32.24998884468489,43.97836800160906,57.4457246075314,68.21760390684693
2026-06-16 00:00:00-04:00,15.079061083412396,17.86966779361641,23.581420766196086,32.192170666479775,43.93816678617697,57.81145998887165,68.50849121146375
2026-06-17 00:00:00-04:00,15.08283330606106,17.817490421202674,23.565092474024453,32.19760641231524,43.92885761400185,58.092602725783635,68.75993594794521
2026-06-18 00:00:00-04:00,14.944055345807124,17.67353597580434,23.45861762805269,32.25383674992468,44.08221878214372,58.25986201849445,69.14752966910291
2026-06-19 00:00:00-04:00,14.72032077035643,17.561992274282133,23.423981202831374,32.11287733883836,44.087434765084254,58.22185513645336,69.39809458573917
2026-06-22 00:00:00-04:00,14.66847387583518,17.54140726714489,23.298138999697855,32.060452925771216,44.14468641269996,58.667509133785465,69.24646143288781
2026-06-23 00:00:00-04:00,14.60768654118146,17.444696543918592,23.226300415684193,31.97297792054853,44.29212532491025,58.96328490680363,69.40388514619747
2026-06-24 00:00:00-04:00,14.441299649696104,17.395965479005866,23.176618919019308,32.0690497627569,44.31362353376349,59.098441702305166,69.7866601866771
2026-06-25 00:00:00-04:00,14.415399846853322,17.417700747394424,23.11256413463609,32.05307979265821,44.35350820176231,59.40036652801911,70.30112383969971
2026-06-26 00:00:00-04:00,14.339380318992932,17.338153142187416,23.07877083146216,32.067973486808484,44.435255864623635,59.67629365666862,70.37895443798594
2026-06-29 00:00:00-04:00,14.189631424273214,17.15940978351861,23.060232569119925,31.988052467920593,44.44180415701062,59.77151392121329,70.82386022947318
2026-06-30 00:00:00-04:00,14.203735512871944,17.05300040448537,22.96991032278368,31.970089925889035,44.54370444921729,59.889820073878106,70.90158998240301
2026-07-01 00:00:00-04:00,14.066686107904378,16.866220681956726,22.821767272914474,31.955084851281498,44.69510491880348,60.061936604659486,71.80075366772509
2026-07-02 00:00:00-04:00,13.934258959888107,16.820373164420797,22.8316907711462,31.8955701943321,44.73100900675091,60.34048902498745,72.67171026305306
2026-07-03 00:00:00-04:00,13.852583898776217,16.77973711128864,22.834353249485687,31.946243640909245,44.59452130682129,60.561049131784934,73.04728479558655
2026-07-06 00:00:00-04:00,13.737140485430894,16.704702372523844,22.73271900684493,31.885008994343103,44.78253651245859,60.877426806136405,73.79798359918374
2026-07-07 00:00:00-04:00,13.7325723240027,16.65025109057921,22.609015778660808,31.88776652946421,44.885510270864216,61.34027774087542,74.06775723630862
2026-07-08 00:00:00-04:00,13.602716736758778,16.56838659804091,22.537187864225654,31.950083117389703,44.89563455900236,61.404107688631306,74.19371971806156
2026-07-09 00:00:00-04:00,13.598976620247022,16.500985688434028,22.455252693545084,31.995539113606682,45.08258056021793,61.95777690830926,74.41509887568074
2026-07-10 00:00:00-04:00,13.541550450019507,16.47015959297478,22.342884350841086,31.91705879152194,45.15316851517106,62.465177527744125,75.13105725733193
2026-07-13 00:00:00-04:00,13.447170093462509,16.329950225845053,22.27075553728609,31.88896692203169,45.26165226771438,62.75421705468455,75.4899042226778
2026-07-14 00:00:00-04:00,13.302121146632295,16.281428079235624,22.23581085680396,31.861255435997165,45.4210654670527,63.22102564898471,76.06917939557324
2026-07-15 00:00:00-04:00,13.26328285816514,16.276253942199354,22.169813979095885,31.838685646164446,45.46126473692277,63.475320928115714,76.13645081716975
2026-07-16 00:00:00-04:00,13.164438749813472,16.118497942326282,22.142591304243897,31.84020619193683,45.441609611242114,63.60813524134002,77.16569952846905
2026-07-17 00:00:00-04:00,13.059262769804912,16.098237418844423,22.014235888078435,31.844305406533756,45.636809709219605,63.626594301803536,77.70234969073337
2026-07-20 00:00:00-04:00,13.040496586438868,16.03516538705412,21.978942213664006,31.772872917523244,45.599779230362564,64.1229537262329,78.19076697920981
2026-07-21 00:00:00-04:00,12.982740855481866,15.990916943185649,21.890305868509323,31.800812266227624,45.70970532647712,64.30565171646285,77.91980575168898
2026-07-22 00:00:00-04:00,12.918628865290293,15.888267382420823,21.89030244565082,31.865761639295158,45.76886297093095,64.71195844409091,78.3865300564711
2026-07-23 00:00:00-04:00,12.93299144961231,15.744961647127573,21.848212746154836,31.876487515858358,45.70244101786377,64.64510636273447,79.42459574118683
2026-07-24 00:00:00-04:00,12.719948717715733,15.66094235956198,21.75584832892639,31.825524067790678,45.94091942474767,64.41705742452808,79.5698581917093
2026-07-27 00:00:00-04:00,12.591226104038375,15.622334384216241,21.679220923714936,31.720467405033915,45.99100157601826,64.71224446334112,79.80782455396614
2026-07-28 00:00:00-04:00,12.725047690649985,15.503842676559367,21.619559463114676,31.58355651423615,45.99348670410113,64.99830682335273,79.88111968983586
2026-07-29 00:00:00-04:00,12.58787254334061,15.400607205357097,21.678352058701375,31.523097880527715,46.04809517944117,65.13852829726527,80.32959652594172
2026-07-30 00:00:00-04:00,12.468257393323242,15.363615593312947,21.6410355764609,31.42959596513924,46.372525846299055,65.38622433866085,79.94114539266991
2026-07-31 00:00:00-04:00,12.400214444048093,15.343147205674637,21.605605484391255,31.444365503097153,46.46726462444579,65.62937535932828,80.14575159004595
2026-08-03 00:00:00-04:00,12.34703849182704,15.224813837956745,21.490061580301486,31.439054647762816,46.55571479669397,65.74987422809411,80.98080513844836
2026-08-04 00:00:00-04:00,12.336845171486747,15.177403037137408,21.43592154492961,31.503067070956593,46.600650737673156,66.2818793298496,81.1065010978489
2026-08-05 00:00:00-04:00,12.29729734156208,15.08953541508182,21.39794144380842,31.397222700688562,46.7176061536081,66.18392600661471,81.58273018462404
2026-08-06 00:00:00-04:00,12.134577870539792,15.064271647702071,21.18290501284968,31.368581781806462,46.820027761336945,66.19911751325098,81.96126172631911
2026-08-07 00:00:00-04:00,12.097118218993522,14.95369192586145,21.057218939040244,31.364354643019922,46.92953021314579,66.67601761363633,81.94532224213768
2026-08-10 00:00:00-04:00,11.943699888136212,14.901907063888645,21.042572911704625,31.364228116003154,47.05158247746792,67.05153779022582,82.23977109323471
2026-08-11 00:00:00-04:00,11.959373002539522,14.8569650202042,20.993390660016548,31.321050711644347,47.09062965682267,67.05487294198977,83.27736523087256
2026-08-12 00:00:00-04:00,12.00776057007981,14.75991294673888,20.979068606932287,31.186774744956736,47.19068254243472,67.25119236480336,83.61865458485275
2026-08-13 00:00:00-04:00,11.931886269702888,14.6209782614596,21.01030243030125,31.206373365158377,47.20244333852743,67.51207597073687,84.25243304522242
2026-08-14 00:00:00-04:00,11.88894415990418,14.616305760393011,20.91873614881642,31.243655514657448,47.22988689521759,67.63513402269713,85.05096630975416
2026-08-17 00:00:00-04:00,11.82287999624989,14.57004731186349,20.961777566139986,31.24200876576294,47.02239225843793,67.89848160144699,85.5933566435058
2026-08-18 00:00:00-04:00,11.63052680570665,14.422733647671434,20.882027590107207,31.274357165713422,47.01266911739491,68.31001566676608,86.29654599012225
2026-08-19 00:00:00-04:00,11.506051814363055,14.379830502935867,20.711651174221117,31.069769783136028,47.050434948673285,68.61205097249314,86.61979747079855
2026-08-20 00:00:00-04:00,11.479903930983802,14.365738009243277,20.62792181509056,31.01768010687435,47.17197760123818,68.67995379996341,87.28195662454824
2026-08-21 00:00:00-04:00,11.33401817511566,14.304030493272325,20.58417243121997,31.012987196010158,47.11355712010033,68.96733421099445,87.35906450259726
2026-08-24 00:00:00-04:00,11.28877914914951,14.225081960024417,20.58339902715006,31.046597519316613,47.23127087830425,69.24190577054739,87.76879871230177
2026-08-25 00:00:00-04:00,11.24561733258435,14.281760657925622,20.53807634485807,30.991710373973497,47.270193105399535,69.2425186410439,87.97641470423315
2026-08-26 00:00:00-04:00,11.149986318324043,14.204767530612017,20.430067368213486,30.90141591034892,47.10829184590316,69.54166778896014,87.82684936574184
2026-08-27 00:00:00-04:00,11.195794159612769,14.053393099886831,20.319177436558917,30.84375564883576,47.199569578699226,69.47406586329782,88.17337420527096
2026-08-28 00:00:00-04:00,11.188685738108257,14.065674308924535,20.156925302454884,30.767069284795134,47.42605060696447,69.63067772645913,89.23298258006423
2026-08-31 00:00:00-04:00,11.199860125212222,14.093463934876327,20.089286475494923,30.884373995826387,47.454510406716835,70.17142381915373,89.32843602928395
2026-09-01 00:00:00-04:00,11.096815180757229,13.99389652878524,20.011907212650115,31.007983080829042,47.51794927151914,70.37000696618365,88.9861732704829
2026-09-02 00:00:00-04:00,11.030519799766505,14.015712699663393,20.06384877665355,31.03542521924729,47.54706589707232,70.49696621439469,89.58544232584825
2026-09-03 00:00:00-04:00,10.943590031135258,13.962688311606415,19.95936881769466,30.89336498114826,47.648289138811954,70.73488623291634,89.36393842583266
2026-09-04 00:00:00-04:00,10.9236332413766,13.87382049201571,19.95052464821545,30.91487314929525,47.71899993600861,70.78774490961939,90.18028905865027
2026-09-07 00:00:00-04:00,10.93407641574472,13.782681459156743,19.97064094575452,30.91757053423856,47.68680515962886,71.08441603338413,91.24515929109391
2026-09-08 00:00:00-04:00,10.83171963818676,13.689847186600975,19.930190660983044,30.74010366985116,47.527858819679025,71.28439889402424,90.38734073241632
2026-09-09 00:00:00-04:00,10.792796930011074,13.715623207965354,19.875417242599344,30.834986579740754,47.7150709446659,71.66319897268595,91.70598624804194
2026-09-10 00:00:00-04:00,10.765883054940721,13.606628063547761,19.732538591085408,30.761578315260167,47.89697428195585,72.27553623937918,92.1199619098435
2026-09-11 00:00:00-04:00,10.827032970528665,13.503854234898,19.677502808865803,30.662351795845588,47.87638072673232,72.40734820928321,92.98843843001909
2026-09-14 00:00:00-04:00,10.775230531106917,13.417738056390364,19.69105440829396,30.584494561344556,47.897139466319025,72.8645833758477,93.6839182937386
2026-09-15 00:00:00-04:00,10.687692290620063,13.373494169112764,19.70614439866549,30.57087477400027,48.09830544345872,73.17071474100239,94.34584059541193
2026-09-16 00:00:00-04:00,10.59243921450879,13.382085177679773,19.661277495731948,30.61795088663577,48.20937004392956,72.56927917995252,94.32185274197583
2026-09-17 00:00:00-04:00,10.456834069035045,13.432136199419807,19.533454206947503,30.63497756544706,48.30725217105059,72.53208759199381,95.31187709888368
2026-09-18 00:00:00-04:00,10.447569538230592,13.389659256455259,19.394137360929474,30.530234829884538,48.24154623003419,72.849369866589,95.29132593369994
2026-09-21 00:00:00-04:00,10.42000391049174,13.295450405835561,19.305671624944974,30.50889498903515,48.55322168391689,73.40403067904283,95.14899032214939
2026-09-22 00:00:00-04:00,10.312219633824999,13.224378567207264,19.242110267970936,30.657097957342764,48.63411207532986,73.49260349120325,95.68706875694241
2026-09-23 00:00:00-04:00,10.256528271301363,13.193323262763547,19.180541619025817,30.612700202231906,48.78778344644056,73.9871190012963,95.73983262461894
2026-09-24 00:00:00-04:00,10.190804297769704,13.155128056174123,19.111909685768865,30.527594098256095,48.76231467656211,73.81084426400388,96.12601918056185
2026-09-25 00:00:00-04:00,10.133623117848966,13.038354129277089,19.157610019706826,30.568495628519052,48.80200191671794,73.9002244325145,96.64199757639871
2026-09-28 00:00:00-04:00,10.18047920805956,12.844719347911807,19.172145986667317,30.519885281169614,48.94243387148768,74.14497087854679,97.39823901522607
2026-09-29 00:00:00-04:00,10.091517914256936,12.86032977179427,19.110598607762608,30.497482015357733,48.81247174934979,74.72429663242437,98.31823749752854
2026-09-30 00:00:00-04:00,10.083346260834631,12.798311692971675,19.05300182237297,30.49977598619258,48.76944086800968,74.83008407631134,98.24868394964003
2026-10-01 00:00:00-04:00,9.972146507037838,12.768609233259028,19.111007265385492,30.486687062388267,48.84670433396425,74.90481853092587,98.01875999264267
2026-10-02 00:00:00-04:00,9.929924745623874,12.673264255520564,19.02551650516115,30.437381549515827,48.87958751122477,74.86206538825584,98.72979660985914
2026-10-05 00:00:00-04:00,9.858807535413579,12.597442832258901,18.93514948276761,30.42825658845938,48.96345777163307,75.20807319433351,98.27869337985403
2026-10-06 00:00:00-04:00,9.817650550456513,12.52452188039752,18.86101375822317,30.50589549721899,49.13186972430433,75.49182067923859,98.38691334898316
2026-10-07 00:00:00-04:00,9.796369801003348,12.45531424389003,18.85622816379425,30.527332067804657,49.12690932951264,75.51971764408664,99.02125138580041
2026-10-08 00:00:00-04:00,9.748302633811662,12.38731874625499,18.810036546304897,30.45660874723979,48.85508709842566,75.79169411222485,99.28483559272308
2026-10-09 00:00:00-04:00,9.594970441505579,12.266973365138119,18.75865279470182,30.376269903822816,48.81759698133402,76.44789420120432,99.81110041942715
2026-10-12 00:00:00-04:00,9.526785515194133,12.27253736556324,18.812533836761652,30.29345443703233,49.01611732222163,76.37271898345823,99.63765754043641
2026-10-13 00:00:00-04:00,9.53641714050592,12.236816336882226,18.75336737938939,30.355690263733507,49.058805128012,75.97692112132404,100.45424048369436
2026-10-14 00:00:00-04:00,9.497869802072055,12.230624001794377,18.756694549684532,30.281745420049937,48.84268022997939,76.10433917435314,101.40149590185473
2026-10-15 00:00:00-04:00,9.476993467853983,12.209227149270234,18.6564538561064,30.241802142781495,49.06967526555184,76.83777640434397,101.15066443883049
2026-10-16 00:00:00-04:00,9.436387790334065,12.149305176283455,18.637296587115245,30.22959899346997,48.9820445646066,77.03558064170444,101.75111764439416
2026-10-19 00:00:00-04:00,9.347237127915154,12.132936321260141,18.606293447537514,30.181918584718645,49.27103767862164,77.27986715533339,101.3938090789205
2026-10-20 00:00:00-04:00,9.369289106644294,12.09346691174628,18.556832909142578,29.99873105061996,49.29216675525525,77.11412516895982,101.99251587373982
2026-10-21 00:00:00-04:00,9.333604977444738,12.047120260697579,18.52579726947547,30.056921970765373,49.25447192883351,77.32506933961831,101.97901483361545
2026-10-22 00:00:00-04:00,9.182031439371281,11.983485808197793,18.363054273583607,29.98885040606518,49.33074490998115,77.61990865913745,102.68682677554214
2026-10-23 00:00:00-04:00,9.179200194008155,11.9646188886302,18.341256807635748,29.971153428151737,49.49079633402422,77.83421767658899,103.82410474534215
2026-10-26 00:00:00-04:00,9.174109662850999,11.937041408558763,18.417743962836063,29.938646262154535,49.495666030936796,78.3228878426253,103.92902383638938
2026-10-27 00:00:00-04:00,9.148872921066431,11.873504147322295,18.41017926966281,29.881580681795022,49.424553533709236,78.20501477162128,104.17102836761758
2026-10-28 00:00:00-04:00,9.127770261043478,11.871427686400786,18.354064469173615,29.832127765149075,49.382054551459376,78.50206421665663,104.80413771828064
2026-10-29 00:00:00-04:00,9.101257368840601,11.79469497381427,18.28837328406536,29.813636200340028,49.30322048048265,78.64504505382259,104.91922245940968
2026-10-30 00:00:00-04:00,9.03826111105439,11.72808156015645,18.252634513794856,29.884174563775247,49.330684803145395,79.06015699777613,104.77088999331855
2026-11-02 00:00:00-05:00,9.008016911396783,11.625018210591438,18.240062471590154,29.823930074618588,49.42845757626663,78.83990002605337,105.72072390414225
2026-11-03 00:00:00-05:00,8.941237416375392,11.557642810662207,18.193735970823123,29.89597639325978,49.556942218231015,78.48650613201492,105.56003798746163
2026-11-04 00:00:00-05:00,8.913756483494133,11.495395134319235,18.204171677440044,29.840418174986844,49.63832447943227,78.31512653878633,105.37602141381322
2026-11-05 00:00:00-05:00,8.821729477880577,11.428415675625104,18.254431418256576,29.877935233190676,49.72580130279995,78.58878521542547,105.91712967411603
2026-11-06 00:00:00-05:00,8.773589514842955,11.389162313012791,18.23954062627515,29.762518051986504,49.64497526326043,79.02678661074687,105.81974855380479
2026-11-09 00:00:00-05:00,8.830025001309618,11.330452298058978,18.217299272556097,29.763955235136883,49.65602455870714,79.34567185766711,106.19160648821416
2026-11-10 00:00:00-05:00,8.871728301015292,11.352248783852867,18.11518844034594,29.78483434542583,49.78421965081263,78.98841302878722,106.37779383377567
2026-11-11 00:00:00-05:00,8.740341247515772,11.373477183671904,18.072447098594065,29.760346711948554,49.82565967478622,79.03908814410305,106.05501249870501
2026-11-12 00:00:00-05:00,8.62777620705053,11.266007414553988,17.985947729982446,29.826465337606656,49.71036549556467,79.02263759419942,106.56194854035034
2026-11-13 00:00:00-05:00,8.589222444973418,11.235172745467706,17.96548985221025,29.702929370919506,49.44571166140899,79.22372073939357,106.67080277034388
2026-11-16 00:00:00-05:00,8.479311443742699,11.236131493309184,17.97909076029398,29.74395244732665,49.58142860019605,79.73878746255939,106.35818781943782
2026-11-17 00:00:00-05:00,8.432430253921101,11.156012678194,17.923200180138778,29.77645145910982,49.82950639350399,80.08737217690879,107.11046131033766
2026-11-18 00:00:00-05:00,8.424021753283702,11.050834837394838,17.82148832985659,29.698214467885897,50.08780101149465,80.39807301966593,107.15769372004341
2026-11-19 00:00:00-05:00,8.422129946811701,10.976455918362921,17.77132568466184,29.658446789303497,50.16065664531868,80.32372144659044,106.56120389149359
2026-11-20 00:00:00-05:00,8.263734915580546,11.015071600192702,17.72215967484363,29.62713159221842,50.19961489394851,79.98911570267312,107.3315785393367
2026-11-23 00:00:00-05:00,8.275312360839592,10.964871342326019,17.81830309372751,29.692116693620584,50.07462359590375,80.51929161518711,108.09896907781727
2026-11-24 00:00:00-05:00,8.283050852290515,10.843316493381504,17.696786507897787,29.629898538975343,50.18115251480132,81.26375529643536,109.3388041710517
2026-11-25 00:00:00-05:00,8.23364530304109,10.828127967267667,17.770414870820257,29.518134586240297,50.01962311580354,81.92079510650518,108.93547421432828
2026-11-26 00:00:00-05:00,8.16700141172527,10.772054907397825,17.701409511329814,29.521692771708622,49.915766741987944,82.19558811826234,109.86114740374632
2026-11-27 00:00:00-05:00,8.147352610585544,10.680941234716114,17.6638370444864,29.456137312869636,50.0860498585616,82.7272511299055,110.50011737353147
2026-11-30 00:00:00-05:00,8.182323254451932,10.711035435841799,17.567345824975988,29.287545514352814,50.227931945090546,82.91832134470465,110.49406383225178
2026-12-01 00:00:00-05:00,8.067942942312893,10.667124244488217,17.52659763279334,29.395208116475374,50.361243040080765,83.00113370018629,110.14683113256541
2026-12-02 00:00:00-05:00,7.987042699069574,10.614710528730773,17.452397279561573,29.264436581020945,50.20570706945031,83.53148748168078,110.8510533477071
2026-12-03 00:00:00-05:00,7.9576579683326445,10.64128467872308,17.299705051467626,29.217915469375882,50.20584293143779,83.33768809249818,111.58279651211232
2026-12-04 00:00:00-05:00,7.966523014680185,10.640841661399854,17.18535573953313,29.160252404617218,50.310296582840884,82.99439460814145,111.81286485241141
2026-12-07 00:00:00-05:00,7.947336007397662,10.580943145273018,17.135587134424956,29.164918602123834,50.28245509193887,83.5457104723366,112.00917662057175
2026-12-08 00:00:00-05:00,7.900835197143564,10.5073130811755,17.128758497090764,29.188186975197954,50.36524516727733,83.76826809237133,112.19831606155091
2026-12-09 00:00:00-05:00,7.809540213870981,10.412080887100258,17.16127354673575,29.14132237264355,50.40544720064256,83.85887115317846,113.41685727592397
2026-12-10 00:00:00-05:00,7.787685802158893,10.405516271536246,17.07556297584622,29.215903308622515,50.24083359731571,84.4046939476172,113.86006924984522
2026-12-11 00:00:00-05:00,7.782261878236061,10.378019006269154,17.01281673464793,29.254066529205893,50.30514172200951,84.5855973065596,113.6063919086358
2026-12-14 00:00:00-05:00,7.695032793341965,10.275260945848107,17.024497536107674,29.206217707225825,50.48999208558732,84.04228438181828,113.6446702319275
2026-12-15 00:00:00-05:00,7.699007701831004,10.25734422062331,16.934344382485595,29.144076708223437,50.627334528033,85.2441531655638,114.04578993324883
2026-12-16 00:00:00-05:00,7.6112165309840805,10.278233479583779,16.86707516269083,29.17971513248778,50.75152422756992,85.08149133704197,112.49636481804274
2026-12-17 00:00:00-05:00,7.644027109553607,10.269538122293989,16.863193160619126,29.250919717154126,50.802210893645764,85.17679218258205,113.49946512639701
2026-12-18 00:00:00-05:00,7.593347144183603,10.229813991219538,16.8882688160252,29.164840013915867,51.066033791085005,85.4038430127307,114.73350943505692
2026-12-21 00:00:00-05:00,7.560940814784374,10.201670479240857,16.72667706567288,29.25674516271737,51.20450322486121,85.54328106382077,115.26831759490123
2026-12-22 00:00:00-05:00,7.507553516007328,10.21149351980871,16.707012478816587,29.370776580372706,51.139126759360536,85.87371396786062,115.25583142581688
2026-12-23 00:00:00-05:00,7.426982216843378,10.17865440543281,16.691399153953192,29.364822778732595,51.001962229621235,86.20080815435915,115.57210971453034
2026-12-24 00:00:00-05:00,7.335253565631349,10.083008951672396,16.66372429477408,29.37747642360351,51.26927254281031,86.05118837633948,117.69400777382207
2026-12-25 00:00:00-05:00,7.291010778412542,10.021364834672301,16.742103225012023,29.399630365573948,51.569551091677525,86.31563374248938,117.61408258158454
2026-12-28 00:00:00-05:00,7.277191224275706,9.982197824556653,16.73302437073762,29.375511200715472,51.26152967237796,86.90503674734053,117.57059093472378
2026-12-29 00:00:00-05:00,7.227684893535809,9.7820838104476,16.73551599241769,29.190165684369475,51.27534456366858,87.17608855382473,118.90161360615467
2026-12-30 00:00:00-05:00,7.222414004761995,9.803790308752916,16.655200797821443,28.925217332638532,51.542863726769795,86.73270697154854,119.38450051675804
2026-12-31 00:00:00-05:00,7.15317320319029,9.880782276341403,16.54075015888608,29.09715434063427,51.73814049819136,87.13813481527497,119.10967181257105
2027-01-01 00:00:00-05:00,7.139232689132385,9.914408477196124,16.468444410455707,29.0061109200227,51.86012395769967,87.31219242776132,118.73009838348077
2027-01-04 00:00:00-05:00,7.121119134881177,9.92628904954772,16.479561684622247,29.03276548791805,51.73471385799327,87.20313686920623,119.59711240688745
2027-01-05 00:00:00-05:00,7.157515297195323,9.86392120392678,16.49185160113888,29.025485663926638,51.63981540128077,87.47056201010233,120.09357009567957
2027-01-06 00:00:00-05:00,7.15867620578846,9.756691751341888,16.422754425582767,29.004763419364515,51.75953150075609,88.01521635267716,119.71623026072355
2027-01-07 00:00:00-05:00,7.121726600674286,9.769716682157018,16.352474257332325,28.930227312625536,51.9405611963269,87.65065900697417,119.98138647354538
2027-01-08 00:00:00-05:00,7.0206353153961265,9.719320608939205,16.241391085705054,28.92293356186977,51.76263503099278,87.3347243374339,120.84657069640011
2027-01-11 00:00:00-05:00,7.000085608081122,9.646337506687416,16.19846064613173,29.000057131057535,51.74201606189208,87.73819857754454,120.98877778590114
2027-01-12 00:00:00-05:00,7.051526225892451,9.662659792789112,16.151007487746497,28.890418820217945,51.772348791984776,88.2713908208531,121.29727686655619
2027-01-13 00:00:00-05:00,6.973806715689155,9.703540157213341,16.156531696656454,28.78607504540777,51.813954760158914,88.24088648505636,121.75671411190204
2027-01-14 00:00:00-05:00,6.959743703617565,9.61671832727533,16.15540455820402,28.8922063105718,51.86056883257969,87.62245554502783,122.77427141497364
2027-01-15 00:00:00-05:00,6.998133815713322,9.588873801229546,16.128380423142982,28.79388021213449,51.80749816934464,87.65325060409695,123.08404180926236
2027-01-18 00:00:00-05:00,6.959814260544017,9.57839078431777,16.081031277715887,28.782786661139397,52.03766225240089,87.8410523743001,123.61002668525626
2027-01-19 00:00:00-05:00,6.895439114999292,9.479825115917166,16.04898886462402,28.809883877100592,52.193940768402015,87.827785562424,122.89646750426925
2027-01-20 00:00:00-05:00,6.877364583433003,9.486510280050117,16.004864313213893,28.917254414884873,52.24738425992341,88.06095476157695,123.01920691564847
2027-01-21 00:00:00-05:00,6.819642695363542,9.417843041626568,15.94455560325318,28.935238670995247,52.02033979078131,88.36853298909902,124.6925664821522
2027-01-22 00:00:00-05:00,6.844366433684939,9.36627466157128,15.931958147628059,28.89167793319357,52.31710670395018,88.72583623177809,124.22414514324922
2027-01-25 00:00:00-05:00,6.851202053327993,9.372442393577098,15.901423149791766,28.756178360248608,52.41891487217565,88.11375322603797,123.80664638260542
2027-01-26 00:00:00-05:00,6.786390743997529,9.265977783824706,15.920943361962426,28.780126071221297,52.52537083047148,88.28067638130368,123.71013579359317
2027-01-27 00:00:00-05:00,6.744287809445142,9.218120806849434,15.892934906630357,28.719487871473444,52.60557930995948,88.9492846093711,123.60365490301832
2027-01-28 00:00:00-05:00,6.731672073448965,9.146384207818569,15.972057941949393,28.672028116890548,52.560579169241784,88.53826874412583,123.38428018611803
2027-01-29 00:00:00-05:00,6.6835512912161565,9.119298613819558,15.878223675208224,28.68040207061825,52.610809282331815,88.62991808130809,123.02835660843047
2027-02-01 00:00:00-05:00,6.637317752391781,9.083277925043008,15.823354691686754,28.640062080178286,52.744528040941454,89.04308401973277,123.97201052382601
2027-02-02 00:00:00-05:00,6.652589726041257,9.014094604189754,15.782693461156892,28.52624487093319,52.72382609959161,88.96106184146156,123.39753818545235
2027-02-03 00:00:00-05:00,6.69236711589495,9.09954724745158,15.730954377375717,28.42544000090998,52.74243068613028,89.76484294943027,123.85251230388926
2027-02-04 00:00:00-05:00,6.672908982292982,9.040588183539517,15.685298428744693,28.46938808556883,52.799543597695724,89.92039898126372,124.84132319519144
2027-02-05 00:00:00-05:00,6.5357438757697155,8.977510564464872,15.700963682071723,28.49363255337323,52.805146274247406,89.75447310929835,124.63780121317248
2027-02-08 00:00:00-05:00,6.5485444313520995,9.025648534467791,15.639344325369507,28.47283500256346,52.80474397647565,90.22749863011387,123.21163971697652
2027-02-09 00:00:00-05:00,6.544775760562047,8.966222900386942,15.552146975947508,28.43375282121977,52.74176997706294,90.45707621735914,123.21372952618314
2027-02-10 00:00:00-05:00,6.561483429549194,8.916311702645487,15.562162361170053,28.40703569240935,52.90759673876947,89.88431275052316,123.84250273675583
2027-02-11 00:00:00-05:00,6.536677790781574,8.938459913649128,15.57476111549186,28.41368865727962,52.79942698027056,90.3035562573552,124.93639354862728
2027-02-12 00:00:00-05:00,6.481297671521591,8.930121461874183,15.521729166794856,28.34507644841203,53.09697958388854,91.0669264684597,125.6644339103221
2027-02-15 00:00:00-05:00,6.461191149253914,8.919829233568747,15.475207676947804,28.304006581544705,53.07486238115368,91.35560817640912,125.57806188943508
2027-02-16 00:00:00-05:00,6.4351570676620815,8.909758758638974,15.450219609938554,28.336058442535958,52.959116442644714,91.16084253044882,125.56833554803245
2027-02-17 00:00:00-05:00,6.4821768433330025,8.90609302222681,15.420544106421366,28.310225028313237,52.916454528750826,91.0037798291337,126.49189135875204
2027-02-18 00:00:00-05:00,6.42520153595765,8.903076342434172,15.429439777076631,28.335038186777425,52.79552694707923,91.26531818464693,126.02865630466036
2027-02-19 00:00:00-05:00,6.444681101173405,8.847671718688733,15.4438835644223,28.23130406764405,52.8467155268809,91.14784908587127,126.85184074702234
2027-02-22 00:00:00-05:00,6.3966052780423635,8.798819218927754,15.38967910829732,28.155797471249187,53.09257238615587,91.85435051600702,127.70357216894027
2027-02-23 00:00:00-05:00,6.382213824417829,8.769986459580457,15.331837157834771,28.053163926729507,53.23172886489261,91.94998530268286,128.07550097901304
2027-02-24 00:00:00-05:00,6.335131118746908,8.728845410129507,15.334340592469026,28.082807746005024,53.179923337523945,92.17255348303833,128.55484012505445
2027-02-25 00:00:00-05:00,6.30495684918664,8.678956160857357,15.364106299468501,28.235600559623272,53.36694526847992,92.85864748982173,128.8069871092796
2027-02-26 00:00:00-05:00,6.287740478355483,8.687441746585902,15.251656213881049,28.057818486306612,53.27451985531113,92.67661836992745,129.90071343509965
2027-03-01 00:00:00-05:00,6.250842910922009,8.599530210418436,15.18228283699574,28.121703605296318,52.891310803114344,92.36987919925068,131.39645031736453
2027-03-02 00:00:00-05:00,6.250538720200134,8.607961273885499,15.178431908691913,28.096037618686047,53.05047033569076,92.33529625001144,132.46201255614443
2027-03-03 00:00:00-05:00,6.226282873933473,8.623154824674309,15.146556019308514,27.844946431716167,53.05485601354307,92.83233596084987,133.52026146606212
2027-03-04 00:00:00-05:00,6.171024047912574,8.611916926417628,15.123633398259958,27.896365171150237,53.26395802847653,93.07129809356952,133.47756144219952
2027-03-05 00:00:00-05:00,6.155473004547949,8.582299341351215,15.151805863039254,27.91655623691313,53.20112164875556,92.64957891068892,133.38700578833334
2027-03-08 00:00:00-05:00,6.10639682037413,8.54424984298166,15.103300115762966,27.927753853420278,53.32391583863699,92.81890707533621,133.4870520819816
2027-03-09 00:00:00-05:00,6.152402607051183,8.516257814974155,15.058316152746468,27.920644319803735,53.1046522438919,93.95633334668419,133.5618408968115
2027-03-10 00:00:00-05:00,6.111224392890971,8.525202041831859,14.985104184396775,27.998551531564164,53.121805706384016,93.24428532614834,134.0677701708558
2027-03-11 00:00:00-05:00,6.114871439931255,8.516856122064127,15.021972965574935,27.98862955309488,53.18613424351109,93.27304741717656,135.79993475356218
2027-03-12 00:00:00-05:00,6.132207969087712,8.49209823296389,15.017787224801662,27.938601455435233,53.31312755154938,94.27810452232255,134.92186458884933
2027-03-15 00:00:00-04:00,6.123659551205115,8.466732792106129,14.868981147458577,27.92405400395237,53.512498505679716,94.83318147637443,134.7158339838902
2027-03-16 00:00:00-04:00,6.08336161072068,8.421932938297456,14.890154147793194,27.851264030562007,53.636248097641115,94.57555656808994,134.68227793445425
2027-03-17 00:00:00-04:00,6.033264197484898,8.393162096174239,14.87643950287676,27.841140549795615,53.56543682734082,94.21057921184247,136.05719440113086
2027-03-18 00:00:00-04:00,5.987997508585081,8.372122095356652,14.891296930963032,27.686769057355114,53.57626997609597,94.75925661310674,134.823040679505
2027-03-19 00:00:00-04:00,5.954543446581336,8.31480318194433,14.814113478041808,27.611040933002307,53.50277150301914,94.55412066391592,136.46312462732388
2027-03-22 00:00:00-04:00,5.909142548667172,8.295290588985162,14.759882630732411,27.675281407372047,53.440370338693675,94.38005475766512,137.27870643712552
2027-03-23 00:00:00-04:00,5.915044139599019,8.257676398725561,14.765638337485626,27.658979062233065,53.17812444965748,95.39957053360764,137.10445139509247
2027-03-24 00:00:00-04:00,5.938271744957911,8.298885182730567,14.772840910455585,27.67020074216499,53.381725674255165,95.24216748253893,136.3924286315431
2027-03-25 00:00:00-04:00,5.916540024360643,8.279381420934541,14.756562489451504,27.72763459882379,53.30144276111625,94.91146278999567,137.31522600512145
2027-03-26 00:00:00-04:00,5.850182399686931,8.22408920738161,14.73359699713207,27.61786460100155,53.375872789869284,95.44029019706257,138.10883223536075
2027-03-29 00:00:00-04:00,5.828220846795233,8.189244514985818,14.63830224250354,27.730183428265956,53.50063138264168,95.93278291207645,136.87985157391435
2027-03-30 00:00:00-04:00,5.80501194866029,8.14716182047179,14.667641068817598,27.727784296829533,53.40884744773867,96.04765777728365,137.30765474791158
2027-03-31 00:00:00-04:00,5.785536062989453,8.080143414177275,14.636206639368789,27.579666499852575,53.429640529583835,95.88850288223402,136.38794460283302
2027-04-01 00:00:00-04:00,5.765418885335544,8.077015136801672,14.590817978964187,27.506226870508065,53.20722801902505,96.12956627873545,138.40615228258187
2027-04-02 00:00:00-04:00,5.701315287739144,8.09679672231068,14.641373215558641,27.4320907208647,53.00355643141758,96.23951552464908,138.54890108184202
2027-04-05 00:00:00-04:00,5.69858507056543,8.08118788411809,14.587380693476337,27.459444758386518,52.983569907446416,96.8502160497397,138.40187860168766
2027-04-06 00:00:00-04:00,5.693673025970888,8.066009576053585,14.561029165990334,27.46316182596558,52.99448641404545,96.9226200663989,138.63692209251565
2027-04-07 00:00:00-04:00,5.678800984668058,8.023215742615788,14.547734835477181,27.42774391743534,53.330823643034726,96.51819926282309,140.14363114124114
2027-04-08 00:00:00-04:00,5.594427788410367,7.977961286445417,14.539969801493582,27.41463661226481,53.61442572697031,96.13191001681652,141.01706412006914
2027-04-09 00:00:00-04:00,5.589587648596138,7.9233076874275605,14.50722307704297,27.537289783060153,53.511084509663064,95.72798621631094,140.02763418839825
2027-04-12 00:00:00-04:00,5.61468911887118,7.994528491310335,14.489804673855838,27.472922610237596,53.313125182633684,95.73931512711142,140.32823023221414
2027-04-13 00:00:00-04:00,5.560896316461897,7.973806681244306,14.499478455275087,27.374771569738392,53.60416757447587,96.08078164198716,142.06008764572843
2027-04-14 00:00:00-04:00,5.514932389920021,7.984222801683881,14.42986837452648,27.33741278173406,53.65437572123413,95.94958478307996,142.0502810287603
2027-04-15 00:00:00-04:00,5.535663361155366,7.933493292567112,14.422201603097959,27.34371639454051,53.31926984693064,95.80381788776114,141.260749306448
2027-04-16 00:00:00-04:00,5.534314207447185,7.881448473753453,14.374016487637213,27.376211614223926,53.18966391231085,96.01727749606579,141.7940660792027
2027-04-19 00:00:00-04:00,5.54824284058466,7.8844643389938245,14.287430749831234,27.410619952230952,53.20830882123489,96.63460231478881,142.24443612783753
2027-04-20 00:00:00-04:00,5.490380129868858,7.8417859003104855,14.211938444297841,27.37723499462608,53.49681350401241,96.67339445594669,143.3039256713117
2027-04-21 00:00:00-04:00,5.475580336620359,7.811685939549542,14.2149723339537,27.362906161490226,53.741062517639264,97.22611256496602,142.7494376781081
2027-04-22 00:00:00-04:00,5.473437775285664,7.810304393302669,14.16611701479438,27.46320609296642,53.62699257226873,98.12298944050181,142.19689120546474
2027-04-23 00:00:00-04:00,5.488986874154352,7.803383593515638,14.073066581008328,27.48484457064871,53.43787064423074,98.02559763223559,142.6608277379172
2027-04-26 00:00:00-04:00,5.531008776827423,7.785902024531605,13.948679786591654,27.485702918905154,53.6193306606795,96.98293949336723,142.80383875184597
2027-04-27 00:00:00-04:00,5.447792003565001,7.8086918255552105,13.963457043288052,27.479469208155408,53.57762733039114,97.77339406349262,143.86941345663854
2027-04-28 00:00:00-04:00,5.414661860729036,7.777065570591081,13.84677764760747,27.39603771996056,53.473110307483566,98.20339124049532,143.99599043903189
2027-04-29 00:00:00-04:00,5.382805501018185,7.769603103783645,13.88791793929414,27.394119685356316,53.70305320883601,97.39531382405733,143.2420664758661
2027-04-30 00:00:00-04:00,5.363105647219119,7.75012372731006,13.917753725822863,27.39920012153471,53.59131803676984,97.49157980216441,144.89003374613506
2027-05-03 00:00:00-04:00,5.37416862689165,7.696960184169451,13.909034998421024,27.23522196947499,53.7724439441054,98.02970108824347,142.2452929525464
2027-05-04 00:00:00-04:00,5.366771854150654,7.636753185041919,13.884376867219675,27.169527338824256,53.5433499862776,97.82612512688692,142.67677813498383
2027-05-05 00:00:00-04:00,5.3756708505704,7.635850851209707,13.89228783984834,27.279173906262912,53.35174309118368,97.63446818163116,143.47063707923402
2027-05-06 00:00:00-04:00,5.312906009610083,7.5602550590575595,13.880064081005575,27.30641821861916,53.46868715175813,97.90081720445276,143.31761308943084
2027-05-07 00:00:00-04:00,5.2948811563162135,7.517263613469417,13.838744428924375,27.28208893272913,53.19940340559439,98.5327590923301,144.23153121224212
2027-05-10 00:00:00-04:00,5.278910303854158,7.553487483356758,13.828506020298697,27.2424394342903,53.54644226494931,98.970415562734,144.4441304556798
2027-05-11 00:00:00-04:00,5.202032873967273,7.5602489700752,13.786615361195118,27.064990000283565,53.852549069203775,99.48267227041033,145.108887552369
2027-05-12 00:00:00-04:00,5.203496321686818,7.51749606457066,13.715577974188882,27.071443115799404,53.84270513196009,99.02431253282768,145.82317083730595
2027-05-13 00:00:00-04:00,5.185267853929658,7.431320316761646,13.787758078722144,27.218411734129212,53.687235837818506,98.77005133008173,144.2367645017414
2027-05-14 00:00:00-04:00,5.140130888536659,7.347657918786915,13.736577245461147,27.299048973063275,53.62280791654266,99.0923846671662,144.43125550694603
2027-05-17 00:00:00-04:00,5.110932912963833,7.351126304099528,13.672188282884367,27.279612575604382,53.818005968407334,99.78937342191955,144.35161962729467
2027-05-18 00:00:00-04:00,5.095324263186214,7.350678131523623,13.670061872197385,27.19353393256985,53.823393534625055,99.69388808459951,143.55923373434635
2027-05-19 00:00:00-04:00,5.0530410167330295,7.28397801158673,13.640968035184802,27.141943561146075,53.87714814429797,100.06936968807746,143.19855338448994
2027-05-20 00:00:00-04:00,5.019077914985078,7.3151557746052704,13.588077602825757,27.06571731270867,53.660124230200424,99.92591461628312,144.87890819432764
2027-05-21 00:00:00-04:00,4.985811244949767,7.319510379845492,13.539496819769171,27.076076589641787,53.52694481403417,100.15487456795209,144.93226809969408
2027-05-24 00:00:00-04:00,4.94578101655959,7.240905087125662,13.494268919985611,27.16464644611064,53.92635955110449,99.94912570395894,145.27752097608771
2027-05-25 00:00:00-04:00,4.929093933526935,7.196920513147664,13.494188565463594,27.08099909935763,53.3091199833035,100.52234144551197,145.421779640518
2027-05-26 00:00:00-04:00,4.877088522632197,7.2163784335268994,13.42066515885613,26.981997437668795,53.36758476263603,100.3834527177141,145.21230454708356
2027-05-27 00:00:00-04:00,4.8818970570883735,7.21512384973367,13.380602713666509,27.03519658185467,53.55094044297732,99.81371727477,146.4846126958556
2027-05-28 00:00:00-04:00,4.894600093154367,7.171884301703539,13.339338712705741,27.011913652957286,53.49009484205058,100.35120002969803,147.06053422778785
2027-05-31 00:00:00-04:00,4.88195721063679,7.184911194842377,13.36722590352705,27.01273211892144,53.44448707626303,101.10138459672689,147.14966837635174
2027-06-01 00:00:00-04:00,4.869803578864916,7.1559003604291105,13.407522189318662,26.889225143142852,53.48885895482864,101.29058989542239,146.1800789310512
2027-06-02 00:00:00-04:00,4.83207682675024,7.1164452887217235,13.335612695632848,26.903862912131665,53.66513427843067,100.78012532014051,145.4290813235284
2027-06-03 00:00:00-04:00,4.815611079826877,7.117957347701363,13.469680127522848,26.89836347481618,53.76498449002297,101.5575598456743,146.7936692276442
2027-06-04 00:00:00-04:00,4.814338261649486,7.156407054316316,13.48041271276974,26.921613157417553,53.68488956014438,101.77598996287333,147.02983672064997
2027-06-07 00:00:00-04:00,4.76101718718857,7.164282416238843,13.46826122549443,26.96943853890839,53.68151580370794,101.73361117130109,147.49789011289505
2027-06-08 00:00:00-04:00,4.767128651090975,7.1020630439998165,13.44249584676384,26.904506886297227,54.1104932900536,102.31158075042403,149.69588178905693
2027-06-09 00:00:00-04:00,4.734067161847845,7.077207481728948,13.418196521731566,26.954560805627132,54.145066488639394,102.73892356922566,149.97660178580745
2027-06-10 00:00:00-04:00,4.706378376865805,7.0697890525874305,13.351447409179707,26.91739530068486,54.054952079871285,102.6816360081112,149.36487101038395
2027-06-11 00:00:00-04:00,4.694509443999329,7.0484074963221035,13.292679094094712,26.87281314318178,54.01415422105141,103.34446091126276,150.8577655036455
2027-06-14 00:00:00-04:00,4.691584231066186,7.022625639637994,13.262094498713921,26.91606798843248,54.3356851907166,103.43811338529451,149.83375814906066
2027-06-15 00:00:00-04:00,4.7062884007534285,6.997830568336506,13.30583100859941,26.77820890354115,54.40804511011696,103.48518413083157,150.0536325804013
2027-06-16 00:00:00-04:00,4.670467401325036,6.990798710255252,13.257775476446735,26.615302336046515,54.35321616571764,104.03797103734608,149.79186168310918
2027-06-17 00:00:00-04:00,4.650331726792204,6.986812330804669,13.223691214703296,26.734871909467955,54.677538528258374,104.25796949089724,148.91062489939762
2027-06-18 00:00:00-04:00,4.669942839471277,6.929312717652225,13.209333245410114,26.774285673449572,54.62920665445766,104.09005781837936,150.7109785696567
2027-06-21 00:00:00-04:00,4.610650893739446,6.942748621555188,13.285521950043526,26.694704901935275,54.548116002949456,104.41525162140778,152.74051442801013
2027-06-22 00:00:00-04:00,4.615430651506687,6.954588981483685,13.19791857386467,26.530954588742006,54.37492855013427,104.0457307817033,152.3539909454984
2027-06-23 00:00:00-04:00,4.6533474416342315,6.925432065314144,13.209801874300382,26.582574332997233,54.81201698100998,103.90585859973507,151.99421564026866
2027-06-24 00:00:00-04:00,4.634107519087452,6.892324638083245,13.139851984553497,26.608898900631594,54.757577628192564,105.04088144261864,154.2731198418497
2027-06-25 00:00:00-04:00,4.593465617029112,6.893074832625168,13.068964643211153,26.610249447337264,54.486492408076344,104.80502803404455,154.42719580762443
2027-06-28 00:00:00-04:00,4.525452541048765,6.836919715266962,13.02132343541848,26.507235483522138,54.309713882852904,104.86378729209504,155.11653545478097
2027-06-29 00:00:00-04:00,4.529972210266219,6.8191342014233784,12.998467769262582,26.450165744886704,54.5539723465014,105.25700902203468,155.60823483241566
2027-06-30 00:00:00-04:00,4.500274508546102,6.808585143829666,12.933922953682767,26.350648045508393,54.36716304243514,105.46615555490213,158.24867842035877
2027-07-01 00:00:00-04:00,4.477767232187973,6.796391208545633,12.876576859226404,26.39323629728363,54.21061704030624,105.40213957207058,158.97811163742514
2027-07-02 00:00:00-04:00,4.459456986321335,6.741068759043872,12.880225507973892,26.468911184752702,54.367444044035594,105.4721064703223,158.6881829542206
2027-07-05 00:00:00-04:00,4.420385923475605,6.668662210130185,12.789356533443609,26.356002821332506,54.18216110002128,105.4236148102574,158.34040442369252
2027-07-06 00:00:00-04:00,4.4350821028972724,6.665740258611985,12.700847739710671,26.426621779485608,54.076557162996444,104.54592278587434,159.5142865405568
2027-07-07 00:00:00-04:00,4.434950112499725,6.641475733619611,12.659776439742318,26.369196507537872,53.70107798569486,105.30571715738756,160.32874355132216
2027-07-08 00:00:00-04:00,4.364592387345282,6.582692444195859,12.734619247624405,26.20024335671394,53.82795048352363,105.30162047103762,160.23505935364824
2027-07-09 00:00:00-04:00,4.3865030643749945,6.612976271874673,12.66926520555866,26.0440652578273,54.265777263966996,106.52011005531666,162.27403508947657
2027-07-12 00:00:00-04:00,4.405554636140273,6.606298333363712,12.657128449632111,26.00101005020686,54.43490171246786,106.98549618329014,162.1949458172687
2027-07-13 00:00:00-04:00,4.401267285310205,6.606656007749615,12.753133378074503,26.014190543364037,54.430006644304996,106.10826203900643,160.80011934410695
2027-07-14 00:00:00-04:00,4.416669494218965,6.593744713788399,12.730446892759208,26.0728669256989,54.421084149332586,105.62852543934575,161.22344817615135
2027-07-15 00:00:00-04:00,4.40833927632931,6.5649024871165045,12.685582792025667,26.068785112477585,54.21471831019307,105.7438511862505,162.2623278778784
2027-07-16 00:00:00-04:00,4.377873828686555,6.515255357406575,12.668851048436103,26.07322267350528,54.06360510949538,105.96135877561251,162.43606529780743
2027-07-19 00:00:00-04:00,4.37257176157138,6.5211879445365835,12.694873404683372,26.02655285885622,53.85264054718337,106.93466787802038,164.9429614537986
2027-07-20 00:00:00-04:00,4.393164881484205,6.492598063766519,12.689322968069263,26.054767144945288,53.80506791080054,107.64579091195671,163.91242177474084
2027-07-21 00:00:00-04:00,4.361048394865282,6.4616941977651425,12.592090597488518,26.02163503027737,53.55971898869737,107.62657966125806,163.8641017026367
2027-07-22 00:00:00-04:00,4.336263672678481,6.439454256117594,12.533402035113596,26.064220649767257,53.672024280088735,106.97053393342836,165.2567104478812
2027-07-23 00:00:00-04:00,4.375784584865302,6.371190909268718,12.590305786915415,26.018478544650854,53.70034376631121,107.57808117928136,164.00486728902692
2027-07-26 00:00:00-04:00,4.342224314661622,6.3537258705197095,12.493158041482648,26.004962692543202,54.02724754843542,106.61252416415626,163.83744405055884
2027-07-27 00:00:00-04:00,4.319152449282915,6.325070390790677,12.442491009361815,25.978585304676336,54.199869735569976,106.87095251228394,162.32209642683026
2027-07-28 00:00:00-04:00,4.2642510561765254,6.384929415887895,12.408725687330536,25.996981926864954,54.080450249748196,108.9392873324084,162.75836161325327
2027-07-29 00:00:00-04:00,4.253596669201093,6.372521163961367,12.473222237717087,25.97891404358068,54.10159274579759,107.91482584080387,163.9736074771151
2027-07-30 00:00:00-04:00,4.165818282748597,6.342753539578857,12.41036346942769,26.00485975774752,54.21207627354751,108.02730633596825,164.26894756541776
2027-08-02 00:00:00-04:00,4.15854311334182,6.328868364788679,12.390051053200143,26.058403845436768,54.42832579919097,108.222576367248,162.50109824332796
2027-08-03 00:00:00-04:00,4.187696322040777,6.261366824252585,12.430465560302093,26.03995231664306,54.51103916983956,107.65135959927305,164.41239409655634
2027-08-04 00:00:00-04:00,4.176231177947808,6.261106636007674,12.38393968905509,26.01372958238843,54.83980323601539,107.46716527727035,165.23242875048635
2027-08-05 00:00:00-04:00,4.140315397562105,6.214531853296606,12.399900880136698,25.96204373479828,55.16143142585075,106.94264335321867,165.16866615173114
2027-08-06 00:00:00-04:00,4.179354977348812,6.217264257099982,12.39200153563547,25.8558800129468,55.002688585361085,108.13275114019336,164.4044989313861
2027-08-09 00:00:00-04:00,4.155862078811914,6.2159854966863675,12.331617128015559,25.885195368644844,55.10726294411607,108.41047523889902,165.2571367132459
2027-08-10 00:00:00-04:00,4.12863374353677,6.207257034153971,12.307236181795169,26.01258354868437,55.19566811565774,108.7668569065636,166.48908067022128
2027-08-11 00:00:00-04:00,4.074018726673067,6.184525414853693,12.31157529515534,25.942031833333175,55.065729729533246,109.33993273586287,166.88995175730352
2027-08-12 00:00:00-04:00,4.104535569603216,6.178042539172624,12.349174227714487,25.820876523342072,54.84364860436937,108.69118063126139,167.14642435597693
2027-08-13 00:00:00-04:00,4.097556774194328,6.136296558466708,12.29515063633115,25.77389916102073,54.99828774121038,108.49864028229278,168.1727845262861
2027-08-16 00:00:00-04:00,4.094323236702264,6.063038888941991,12.220894429248991,25.80944533475723,54.73475996976355,108.05272658893064,169.330992009446
2027-08-17 00:00:00-04:00,4.071765149730618,6.030092516816488,12.230942073914203,25.850987961794782,54.80660514005972,108.30181067048072,168.00345486265127
2027-08-18 00:00:00-04:00,4.085158478132976,5.988448091271594,12.178397895858522,25.830933574872525,54.89050050256634,108.71035725064519,167.40665658315228
2027-08-19 00:00:00-04:00,4.074662178175122,5.998781851534525,12.198816324663582,25.80665295952013,55.096965819260774,108.66877606121128,167.5738493016026
2027-08-20 00:00:00-04:00,4.0704884841337865,6.012013394791463,12.210999551452915,25.848297839847554,55.036112457532596,109.44172970256383,168.05929204405456
2027-08-23 00:00:00-04:00,4.051171168373882,6.0334814122681815,12.155040526847367,25.88528887373264,55.25281856250805,110.47568535033672,169.22418185565465
2027-08-24 00:00:00-04:00,4.0082447789885425,5.9435702641557135,12.12280089351908,25.805295111674916,55.147435074781164,109.76801166649432,168.75240526742112
2027-08-25 00:00:00-04:00,4.002847481500679,5.913317761718846,12.074172644542744,25.72364882416715,55.126679472181706,110.60183024851439,169.27330876079998
2027-08-26 00:00:00-04:00,4.029865606863342,5.8885916936286575,12.013353299280741,25.74977311423934,55.227067371922644,110.54973463053489,168.8733834134803
2027-08-27 00:00:00-04:00,4.009148792607107,5.904586740414467,12.07435061146599,25.71422048116989,55.084706188465006,110.6634090428593,170.8885786061264
2027-08-30 00:00:00-04:00,3.9701322611371976,5.895390060006734,12.076655334092392,25.801847555470502,55.08058416990686,110.6542897697486,171.3125206159042
2027-08-31 00:00:00-04:00,3.9507183897219775,5.884901310889156,12.05506897877112,25.733964119188958,55.375115956698664,110.74246444218365,171.33880343630057
2027-09-01 00:00:00-04:00,3.9424894874084466,5.870535236551786,12.02808108945106,25.64707865642975,55.44106383023311,110.31439518020882,170.66969320013996
2027-09-02 00:00:00-04:00,3.9415938128214645,5.866454055605255,11.94331187227365,25.57857020418919,55.42964419145201,110.85514013694893,170.29501015367896
2027-09-03 00:00:00-04:00,3.950958793535632,5.850474088563154,11.977415271796499,25.493195499638446,55.70012834197806,111.28989512022356,171.12708532683666
2027-09-06 00:00:00-04:00,3.9533107947370065,5.868378177256387,11.951246202329989,25.419588195894054,55.49435456618224,112.48116568571515,171.8279683129158
2027-09-07 00:00:00-04:00,3.8902432323240728,5.886511412508876,11.927497774258544,25.45190574703637,55.307127740409335,112.95139061137873,170.63104477944637
2027-09-08 00:00:00-04:00,3.845223294716438,5.839477773434461,11.939061497543133,25.461449529988943,55.14220959349251,112.78070707119193,170.79482316065662
2027-09-09 00:00:00-04:00,3.8412705912660488,5.843119656715263,11.940948291250216,25.477748555617943,55.25492780895225,113.098504840732,171.91418745682427
2027-09-10 00:00:00-04:00,3.836844485387576,5.813368619974581,11.938703228339206,25.291028924500495,55.25607911697731,112.17857839876272,172.31174744691822
2027-09-13 00:00:00-04:00,3.852127798877954,5.778809344141457,11.890612432303003,25.303918179114596,55.223102152669476,112.28751917394565,172.03804817843056
2027-09-14 00:00:00-04:00,3.836342920935357,5.7881874269259646,11.811945242421281,25.30739750682916,55.10629750210076,112.4611471254987,171.6944485030954
2027-09-15 00:00:00-04:00,3.813785495420567,5.756747136649448,11.814085015349603,25.25405669964377,55.26726142874991,112.61115727134677,175.62098459120767
2027-09-16 00:00:00-04:00,3.833785101842433,5.788203253984044,11.775892509088965,25.321863168625462,55.45355758092334,112.83102525600313,174.97563048964952
2027-09-17 00:00:00-04:00,3.789059490554953,5.796327179007088,11.740782632382949,25.36727174014962,55.50534704930911,112.71907835403836,172.80392369325494
2027-09-20 00:00:00-04:00,3.74987139402027,5.782576877464371,11.723027344302507,25.36048444889075,55.61373634718987,113.05155288835385,174.7491081515906
2027-09-21 00:00:00-04:00,3.7670795221725903,5.759740187326469,11.716070586091384,25.32634042083506,55.48811189221073,113.2978765044927,175.39970376816999
2027-09-22 00:00:00-04:00,3.747723397656276,5.765418038375723,11.69962453452795,25.351265934346188,55.5503508225834,113.8131688976176,174.1181170194866
2027-09-23 00:00:00-04:00,3.6956560585695364,5.698774585351816,11.586132794850162,25.462741859305304,55.32800205077408,113.79812987700998,174.30921052539415
2027-09-24 00:00:00-04:00,3.702206693080414,5.660924454993069,11.576100265580976,25.448438107505357,55.44727762653811,114.44709160567051,174.398786852184
2027-09-27 00:00:00-04:00,3.6693473846410636,5.676654773294167,11.55624861241642,25.22693020308246,55.30768038027775,115.09471931685007,173.86756994790878
2027-09-28 00:00:00-04:00,3.64915812603955,5.676692690494498,11.532695345215693,25.138875426204642,55.44114638684745,114.48871277656008,175.96264846470018
2027-09-29 00:00:00-04:00,3.6382715899115166,5.713863301202103,11.558299003376321,25.15851537004683,55.46778861925708,114.68780840531706,176.40460453531108
2027-09-30 00:00:00-04:00,3.6171873999791857,5.723520908839099,11.537567647984211,25.153307071354483,55.45651815308533,115.57495398463898,174.19059545676197
2027-10-01 00:00:00-04:00,3.6228795283983106,5.714519944214733,11.55567352142748,25.13322949792729,55.58836469564809,115.09356038851071,175.14502696857684
2027-10-04 00:00:00-04:00,3.6170398688623915,5.627495086158166,11.468496535340073,25.15976142289952,55.4714333850751,115.20850686453643,176.42498351360183
2027-10-05 00:00:00-04:00,3.5987050367962325,5.606907838045741,11.453138841075216,25.05844852677224,55.195488902109766,114.30861758364705,178.77591672373643
2027-10-06 00:00:00-04:00,3.575975866458837,5.58200140688176,11.444583129483702,24.91275592386826,55.07557119485169,114.57265012218551,179.17550249942917
2027-10-07 00:00:00-04:00,3.601957141100707,5.533879091092967,11.397583310306345,24.866645241573487,55.14800425835054,115.02346009824407,177.39221392663487
2027-10-08 00:00:00-04:00,3.5623741590432667,5.566372349960092,11.38406081616881,24.915569476255975,55.22952783589925,114.26161275058868,179.9859963453486
2027-10-11 00:00:00-04:00,3.5551220406024746,5.570241328428245,11.404162726183376,24.986612334295593,55.1982847891227,114.22660508092729,180.12386027729323
2027-10-12 00:00:00-04:00,3.542436361663281,5.545700536930941,11.316863933392993,25.064819187139918,55.16095840107495,115.30243128978157,179.47241638272408
2027-10-13 00:00:00-04:00,3.532715223762888,5.54253218310382,11.285109090067921,25.133371251634934,55.58613707237078,115.42542234837713,180.0337984052409
2027-10-14 00:00:00-04:00,3.486221129126781,5.547119350391445,11.280965330529046,25.089988066026418,55.67930958130725,115.5741044405125,181.37976333281085
2027-10-15 00:00:00-04:00,3.4913920140860486,5.4617163982723085,11.366147708204126,25.12309308604459,55.5079553826491,116.33532719078664,180.74847130384694
2027-10-18 00:00:00-04:00,3.479228832593787,5.4363610378045415,11.368958046348327,25.034729761974678,55.90590640075895,116.0596477997501,180.56295715543524
2027-10-19 00:00:00-04:00,3.450471305904413,5.411400721665493,11.237548387482358,24.861634230895476,55.73209670226138,116.09318716911974,179.8681256398053
2027-10-20 00:00:00-04:00,3.4741805107683286,5.384130325172254,11.204050063259109,24.832867627755693,55.612427224095335,116.67371892507414,180.1864067559207
2027-10-21 00:00:00-04:00,3.4791991756918628,5.344186121856416,11.151287859367844,24.787722890913848,55.75844926133044,116.46243214773415,180.66652173492
2027-10-22 00:00:00-04:00,3.469169613307326,5.357779824118907,11.20775902170063,24.776165003860395,55.61875534949773,115.66196982149832,180.448385864357
2027-10-25 00:00:00-04:00,3.4642561935389993,5.325370661425524,11.225840581598218,24.865661941103706,55.86072015356159,115.8836344701721,181.17027160095003
2027-10-26 00:00:00-04:00,3.4165590082214337,5.308094443756281,11.168399066111085,24.781830289793433,55.61803318056935,115.65255708509524,183.1060863747991
2027-10-27 00:00:00-04:00,3.41024942194835,5.299466314013246,11.168573155946165,24.7955523955765,55.85581500598026,116.56166990184833,184.02923335172852
2027-10-28 00:00:00-04:00,3.4134416129467384,5.29702105361075,11.210724455112558,24.922201379958764,56.17435038716789,117.50744023234445,184.42113390521408
2027-10-29 00:00:00-04:00,3.397598883679655,5.25064098816089,11.172538550164372,24.914004566254846,56.14093740319709,117.27313911128282,186.22783462374178
2027-11-01 00:00:00-04:00,3.4031823547100064,5.233001025490593,11.227201019718086,24.79469935580153,55.882226581546746,117.47422855405486,185.50520596320368
2027-11-02 00:00:00-04:00,3.4187934581924453,5.2326828120766775,11.176449504090845,24.73872375833218,55.651953398283275,117.51768038209649,185.7401895896465
2027-11-03 00:00:00-04:00,3.444520165475486,5.256937605505578,11.198367902439749,24.696238711855692,55.69099352553471,117.94661722406515,186.2483051680883
2027-11-04 00:00:00-04:00,3.4542997614126416,5.255753509031096,11.195327693859841,24.66164043304626,55.88290296117042,118.47341904452966,184.7736308116564
2027-11-05 00:00:00-04:00,3.4727948621335014,5.179606731920771,11.127261484489562,24.589934270265868,55.94720510212085,118.4670635472525,184.72855484208984
2027-11-08 00:00:00-05:00,3.429703938346597,5.177472595464213,11.105398170540935,24.502382478861414,55.98715617099942,117.69284694232486,184.91304732219683
2027-11-09 00:00:00-05:00,3.3912390943347064,5.146677877621549,11.076459604748402,24.55942641117838,55.956740213536236,117.39390883066466,184.54547616380384
2027-11-10 00:00:00-05:00,3.3849492067592126,5.154320346997531,11.069533016873173,24.689288414020304,55.77272132125304,116.9517672842048,186.0277451578963
2027-11-11 00:00:00-05:00,3.3805114429508554,5.161547327691043,11.068125827079582,24.68201051162025,55.81239952441343,117.31334687243677,187.41228662244072
2027-11-12 00:00:00-05:00,3.357253074179833,5.118751392774821,11.024098542718813,24.66985510940229,56.14587070871582,116.26728707738641,185.96782398297282
2027-11-15 00:00:00-05:00,3.361109077592299,5.101616119875439,11.008362688701993,24.63408983312998,56.13824921269111,116.78697344466447,187.09469916263885
2027-11-16 00:00:00-05:00,3.342964499605391,5.091319927585328,10.98931590835671,24.586553728606848,56.07077493556958,117.09079037875478,186.226113177422
2027-11-17 00:00:00-05:00,3.307137530847286,5.085232922969344,10.983902935712134,24.599764112737027,55.95125507387403,117.07288833082909,183.98735746000537
2027-11-18 00:00:00-05:00,3.3413518963419806,5.102912586857318,10.88818926126919,24.50915543669327,55.731767740703226,117.5856801892043,186.34110964201753
2027-11-19 00:00:00-05:00,3.3323393930779837,5.102403421536421,10.849312667086886,24.502078942207625,55.80463146513174,118.68083395372861,185.74551259030346
2027-11-22 00:00:00-05:00,3.2886943616547972,5.102713103897255,10.892962727810605,24.505061884761375,56.19440897499099,118.98275184155949,185.3151005450937
2027-11-23 00:00:00-05:00,3.307253613908389,5.085101129929883,10.850390288855568,24.51977906100032,56.312130396798,119.1683467234178,185.8867081805622
2027-11-24 00:00:00-05:00,3.3438914204218153,5.047225736492985,10.7962251816474,24.604493133476215,56.11581740485553,119.31582943701966,186.73210900324239
2027-11-25 00:00:00-05:00,3.3287877024399073,5.102567403232694,10.772244829072962,24.572815324898887,56.082465614895014,118.61971039196642,188.0248801471582
2027-11-26 00:00:00-05:00,3.2975088736425207,5.105986366115981,10.72594184371975,24.49593481694827,56.1353370585023,118.63310316531586,188.42717394025166
2027-11-29 00:00:00-05:00,3.2744898980152057,5.08690493878146,10.676906731301498,24.481723745194284,55.99706066230085,118.66148486460324,188.66573928745166
2027-11-30 00:00:00-05:00,3.2617629139418614,5.047868062639026,10.68511520768927,24.393339982365955,56.19279279744994,119.2840406105296,188.68070145566696
2027-12-01 00:00:00-05:00,3.2628013297251446,5.04771608724882,10.68335601498817,24.31012551947398,56.08151961943778,119.5711849631071,190.32178560394127
2027-12-02 00:00:00-05:00,3.2631452704275214,5.044865420833234,10.665402304389737,24.329115917188254,56.248764354082454,120.04643843562631,190.90713660467875
2027-12-03 00:00:00-05:00,3.273656180231259,5.064655960379084,10.678641093960497,24.37294607326104,56.59263727543315,119.73257416740687,192.8824164183805
2027-12-06 00:00:00-05:00,3.280388280846068,5.058778562990931,10.655454535266362,24.45110469558206,56.33348199005374,119.53662546491006,194.9955753317831
2027-12-07 00:00:00-05:00,3.2526932899865475,5.06213896168536,10.603763712972166,24.36361888671116,56.30406306246698,119.29313995568401,193.38048114750688
2027-12-08 00:00:00-05:00,3.20865408936433,5.013430342103542,10.666147300699187,24.38805027063743,56.040487121168155,119.05922350814508,192.34827944501163
2027-12-09 00:00:00-05:00,3.207479704082064,5.01164052259857,10.62121716796095,24.34866967022932,55.86330638976933,120.11272390364954,192.52775832436967
2027-12-10 00:00:00-05:00,3.20581672099006,4.954982510440231,10.550905325950216,24.37542202229556,55.54148689550678,120.05497338614501,193.74340492843496
2027-12-13 00:00:00-05:00,3.210048839194786,4.928392295530851,10.563436341915878,24.54233425806383,55.85560993174727,119.87533709157931,195.08452115737808
2027-12-14 00:00:00-05:00,3.2130454286843104,4.905013290010284,10.570146932933838,24.56645533209494,56.13371903940763,119.67911228256852,192.68245458646845
2027-12-15 00:00:00-05:00,3.1872351432176758,4.903787124236948,10.493146914393996,24.359712262070143,56.22149552391073,119.78890241923297,192.28142592402833
2027-12-16 00:00:00-05:00,3.1494039077046927,4.9086846445431105,10.496796873955429,24.335502290761042,56.238600650316855,120.33397028409442,193.49446029738232
2027-12-17 00:00:00-05:00,3.14820253887928,4.8826500558440875,10.421594994104915,24.500858413982392,56.054751734241805,120.14683297782653,194.63307611947621
2027-12-20 00:00:00-05:00,3.1688078318187705,4.8882831311059745,10.405971546125606,24.44221890827575,56.10081923593848,120.42714184725521,196.1502616227804
2027-12-21 00:00:00-05:00,3.137986247294862,4.8845182266225,10.369172046633418,24.400799845646844,56.18477208344562,119.98787881498181,196.9529394805489
2027-12-22 00:00:00-05:00,3.129700188328462,4.897875120739387,10.367553480498387,24.44278452394083,56.330496624149866,119.71680287852823,196.97658583665304
2027-12-23 00:00:00-05:00,3.1112782297741153,4.8713014900945115,10.362614214177562,24.445984087930626,56.726737815638266,119.80501425604083,196.2569925160745
2027-12-24 00:00:00-05:00,3.0964510243905337,4.844414504721012,10.375372814330309,24.392221499418092,56.86750735003502,119.85493180747997,196.92379606065518
2027-12-27 00:00:00-05:00,3.1103517294705174,4.897876197972305,10.343167163493465,24.25737641478586,56.94635401572974,119.11401083227882,195.46671746593486
2027-12-28 00:00:00-05:00,3.086898349656159,4.871221089682444,10.328178168420695,24.156766409822843,57.02376667912038,119.63972376699614,194.399521040552
2027-12-29 00:00:00-05:00,3.0809104350452103,4.869023761700374,10.342424901584511,24.192311628411726,57.06518213834668,120.43674651611975,197.07574318540534
2027-12-30 00:00:00-05:00,3.072927314350855,4.807190578480005,10.31654251782218,24.142119272822157,56.82534194436682,119.62058604710765,195.76787815381655
2027-12-31 00:00:00-05:00,3.076863638372305,4.786629165156367,10.343460351082488,24.287084118467142,56.92799124333712,119.91731527072379,195.12996396161475
2028-01-03 00:00:00-05:00,3.0680085168760236,4.811295098064467,10.30368029986465,24.197270303182812,56.57478414114677,120.45056099728082,194.60047590712708
2028-01-04 00:00:00-05:00,3.100839197040613,4.798348740949487,10.288671416667457,24.182008831867282,56.61767126013113,120.3833582162508,195.68482006197635
2028-01-05 00:00:00-05:00,3.0957618257697215,4.767690077628668,10.267111702682541,24.188759694378362,56.800412213204055,119.63873012887342,195.55531813764892
2028-01-06 00:00:00-05:00,3.1002169741173358,4.741970794504153,10.240383816219845,24.152599574539007,56.584967752566236,119.53875398912878,195.39502805278818
2028-01-07 00:00:00-05:00,3.1090044898977682,4.727992422026208,10.25464369862238,24.18923566996331,56.81561634413015,119.91577057286968,196.03729942844814
2028-01-10 00:00:00-05:00,3.0830831204388254,4.764272777743529,10.16198366283247,24.13697426063604,56.84294211118424,120.4391253963327,196.33275713425905
2028-01-11 00:00:00-05:00,3.083689041649901,4.737894372517744,10.159984340490784,24.12464620988316,57.35253874910241,121.43930486690796,196.31108043925133
2028-01-12 00:00:00-05:00,3.0888889362956125,4.760616421225023,10.151251312828276,24.070879630472845,57.45345008215739,121.52997032623787,193.73163453578326
2028-01-13 00:00:00-05:00,3.0660054566973787,4.734390899299236,10.067108083601365,23.971262779877883,57.19313185452726,121.81965452308698,193.45574007204297
2028-01-14 00:00:00-05:00,3.042317148767284,4.718111541254403,10.049301960546652,24.089797303506614,57.51431647488633,122.21284854569008,192.99234760535052
2028-01-17 00:00:00-05:00,3.042209647254986,4.693878558977071,10.042265440652033,24.05903287466996,57.464074671471195,122.5830210464705,196.6707034353442
2028-01-18 00:00:00-05:00,3.011249086124853,4.678422971540012,10.03767275720424,24.03557199150002,57.406146791776756,122.74501279640542,196.1406374500283
2028-01-19 00:00:00-05:00,3.0043795196141128,4.685043082564827,10.036856356451318,24.012038730779565,57.218428154891555,122.78169796926169,194.92836512203215
2028-01-20 00:00:00-05:00,3.0208188108873983,4.6624892196053445,10.013314538314185,24.050522557438452,56.639202692438666,122.7454658207133,194.33172639738285
2028-01-21 00:00:00-05:00,2.9891747301742906,4.626959620873351,9.990510394456507,24.08866576131793,56.49185785762223,123.14424945729688,193.7176023241053
2028-01-24 00:00:00-05:00,3.0091259323130957,4.618079859115205,10.011649793450257,24.110573263637377,56.39913827306397,123.77777721757458,193.71084513812102
2028-01-25 00:00:00-05:00,3.032635296046272,4.621297695450008,10.020773475828026,24.028054123582976,56.76935066910726,124.26423332997383,196.06743201502474
2028-01-26 00:00:00-05:00,2.989562124073502,4.640048926927,9.967378846343717,23.968908154723994,56.860199535857035,124.19668281465343,197.82916476647847
2028-01-27 00:00:00-05:00,2.9680985643669713,4.640012952269095,9.99558869730544,23.93604906996336,57.11364514366491,124.41611750072232,197.0282844298823
2028-01-28 00:00:00-05:00,2.9625180236306474,4.60472002679968,9.922912909513578,23.97533127982655,57.51321274315766,124.30268228387892,198.6225635384265
2028-01-31 00:00:00-05:00,2.8996129064966656,4.55137540417905,9.892203822362214,24.083115983442735,57.403241252932105,124.70638665644564,196.89986375786054
2028-02-01 00:00:00-05:00,2.861423755600693,4.545256050227693,9.858014705842084,24.12813833291291,57.35660323179225,124.79635215553404,198.56189225042849
2028-02-02 00:00:00-05:00,2.878843041387965,4.554881959541222,9.849455435974617,24.047479068847117,57.41627936151835,124.99896155225942,198.91530882921805
2028-02-03 00:00:00-05:00,2.866120123422816,4.581022919205631,9.898360836703032,24.11535834207729,57.48476100542837,125.3719610699624,199.44371712538418
2028-02-04 00:00:00-05:00,2.8807456397287696,4.559901482293861,9.890231649099565,24.039618367288263,57.58630243640101,125.5486695356769,199.60191303970032
2028-02-07 00:00:00-05:00,2.8591612954605807,4.5383236532089954,9.856314907873585,23.880289839684263,57.282631636274694,125.21992782165023,200.4544837012599
2028-02-08 00:00:00-05:00,2.8538689667530672,4.567826148929863,9.859713539921515,23.955247463072126,56.86896286328468,125.64600890465525,200.45199158963945
2028-02-09 00:00:00-05:00,2.857303383657919,4.561981872760092,9.818270171675104,23.933169290257393,57.133819814934526,125.86570791638644,201.0806865507707
2028-02-10 00:00:00-05:00,2.875022393679893,4.533274086297665,9.768139752938213,23.854219978362423,57.404327063871044,126.69811933254583,202.27013332142317
2028-02-11 00:00:00-05:00,2.8361266941654804,4.495324018736406,9.678841418287583,23.78261017118933,57.27084702646156,126.1430443423913,200.97955276091628
2028-02-14 00:00:00-05:00,2.8392031076813717,4.475689612826494,9.66043725379404,23.803982795392514,57.030370545346486,125.74736008284984,200.76243933221338
2028-02-15 00:00:00-05:00,2.831518938540964,4.441619937989217,9.606948612584269,23.8048724308059,57.104251295668256,126.07475665530198,202.09964449995408
2028-02-16 00:00:00-05:00,2.806933333348244,4.415922069116895,9.675579221338534,23.792024812396143,57.33192301540758,126.24463383192253,202.16623696233745
2028-02-17 00:00:00-05:00,2.786470820544051,4.460026685442007,9.69852929649207,23.693444550891428,57.668082594383385,126.08659601883826,201.68229967806187
2028-02-18 00:00:00-05:00,2.790745908496481,4.440100532523242,9.66618739836806,23.7816625964685,57.09013836824067,126.07812483589781,201.26943110262852
2028-02-21 00:00:00-05:00,2.7944647228473545,4.4113332224088975,9.663451456214384,23.835931820297837,57.052957099605614,125.95528686738227,202.75597725057125
2028-02-22 00:00:00-05:00,2.8040588095088754,4.417459620152785,9.669122032604726,23.858801818344467,57.22393355366008,126.01399552062458,204.83682973093522
2028-02-23 00:00:00-05:00,2.797421726580418,4.414980236850112,9.643986109423413,23.86812677813996,57.168929572875804,126.53123398350787,205.00305443623873
2028-02-24 00:00:00-05:00,2.7615260357181763,4.395014244234748,9.614755093539323,23.885608984103563,57.290977236050324,128.1876520970387,206.8896336575597
