Date,v2_ARIMA,v2_ARIMA_CI90_Lower,v2_ARIMA_CI90_Upper
2026-09-28,17.35,17.15,17.59
2026-09-29,17.25,16.85,17.76
2026-09-30,17.19,16.65,17.76
2026-10-01,17.19,16.58,17.88
2026-10-02,17.25,16.57,18.06
2026-10-05,17.35,16.61,18.27
2026-10-06,17.43,16.63,18.4
2026-10-07,17.46,16.62,18.53
2026-10-08,17.43,16.54,18.71
2026-10-09,17.36,16.4,18.67
2026-10-12,17.27,16.26,18.62
2026-10-13,17.21,16.12,18.64
2026-10-14,17.2,16.03,18.65
2026-10-15,17.25,16.02,18.77
2026-10-16,17.34,16.07,18.87
2026-10-19,17.42,16.09,19.08
2026-10-20,17.45,16.06,19.19
2026-10-21,17.43,16.0,19.21
2026-10-22,17.36,15.94,19.21
2026-10-23,17.28,15.76,19.17
2026-10-26,17.22,15.7,19.12
2026-10-27,17.21,15.62,19.09
2026-10-28,17.26,15.66,19.21
2026-10-29,17.33,15.67,19.32
2026-10-30,17.4,15.67,19.42
2026-11-02,17.44,15.61,19.49
2026-11-03,17.42,15.57,19.51
2026-11-04,17.36,15.49,19.46
2026-11-05,17.29,15.38,19.39
2026-11-06,17.23,15.35,19.47
2026-11-09,17.22,15.33,19.56
2026-11-10,17.26,15.37,19.6
2026-11-11,17.33,15.32,19.77
2026-11-12,17.39,15.32,19.79
2026-11-13,17.42,15.26,19.86
2026-11-16,17.41,15.24,19.9
2026-11-17,17.36,15.2,19.84
2026-11-18,17.29,15.08,19.87
2026-11-19,17.24,15.05,19.89
2026-11-20,17.23,15.0,19.89
2026-11-23,17.26,15.04,19.92
2026-11-24,17.32,15.06,20.02
2026-11-25,17.38,15.1,20.12
2026-11-26,17.41,15.13,20.22
2026-11-27,17.4,15.0,20.17
2026-11-30,17.36,14.93,20.19
2026-12-01,17.3,14.87,20.18
2026-12-02,17.26,14.73,20.21
2026-12-03,17.24,14.67,20.19
2026-12-04,17.27,14.71,20.28
2026-12-07,17.32,14.73,20.28
2026-12-08,17.37,14.75,20.32
2026-12-09,17.4,14.78,20.36
2026-12-10,17.4,14.72,20.35
2026-12-11,17.36,14.6,20.5
2026-12-14,17.31,14.51,20.43
2026-12-15,17.26,14.35,20.38
2026-12-16,17.25,14.36,20.46
2026-12-17,17.27,14.34,20.43
2026-12-18,17.32,14.42,20.43
2026-12-21,17.37,14.45,20.52
2026-12-22,17.39,14.48,20.58
2026-12-23,17.39,14.53,20.57
2026-12-24,17.36,14.46,20.57
2026-12-25,17.31,14.46,20.59
2026-12-28,17.27,14.34,20.61
2026-12-29,17.26,14.31,20.65
2026-12-30,17.28,14.23,20.71
2026-12-31,17.32,14.29,20.82
2027-01-01,17.36,14.38,20.88
2027-01-04,17.39,14.33,20.91
2027-01-05,17.39,14.3,20.91
2027-01-06,17.36,14.35,20.91
2027-01-07,17.32,14.27,20.87
2027-01-08,17.28,14.16,20.84
2027-01-11,17.27,14.11,20.83
2027-01-12,17.28,13.97,20.93
2027-01-13,17.31,14.02,20.96
2027-01-14,17.35,14.04,21.1
2027-01-15,17.38,13.98,21.07
2027-01-18,17.38,13.9,21.11
2027-01-19,17.36,14.0,21.1
2027-01-20,17.32,14.0,21.15
2027-01-21,17.29,13.93,21.14
2027-01-22,17.27,13.94,21.16
2027-01-25,17.28,13.93,21.07
2027-01-26,17.31,13.94,21.12
2027-01-27,17.35,13.88,21.2
2027-01-28,17.37,13.92,21.22
2027-01-29,17.38,13.87,21.31
2027-02-01,17.36,13.8,21.33
2027-02-02,17.32,13.77,21.44
2027-02-03,17.29,13.75,21.49
2027-02-04,17.28,13.88,21.46
2027-02-05,17.29,13.86,21.48
2027-02-08,17.31,13.83,21.52
2027-02-09,17.34,13.9,21.65
2027-02-10,17.37,13.92,21.59
2027-02-11,17.37,13.98,21.7
2027-02-12,17.35,13.93,21.73
2027-02-15,17.32,13.87,21.73
2027-02-16,17.3,13.84,21.79
2027-02-17,17.28,13.83,21.78
2027-02-18,17.29,13.73,21.87
2027-02-19,17.31,13.8,21.92
2027-02-22,17.34,13.77,21.97
2027-02-23,17.36,13.74,22.0
2027-02-24,17.37,13.73,22.02
2027-02-25,17.35,13.64,22.06
2027-02-26,17.33,13.61,22.08
2027-03-01,17.3,13.55,22.11
2027-03-02,17.29,13.51,22.2
2027-03-03,17.29,13.56,22.18
2027-03-04,17.31,13.53,22.26
2027-03-05,17.34,13.54,22.31
2027-03-08,17.36,13.55,22.23
2027-03-09,17.36,13.52,22.25
2027-03-10,17.35,13.53,22.22
2027-03-11,17.33,13.51,22.24
2027-03-12,17.3,13.52,22.24
2027-03-15,17.29,13.5,22.26
2027-03-16,17.29,13.49,22.25
2027-03-17,17.31,13.37,22.25
2027-03-18,17.34,13.33,22.36
2027-03-19,17.35,13.32,22.42
2027-03-22,17.36,13.3,22.34
