Date,v1_Linear,v1_Polynomial
2026-09-07,15.64,36.19
2026-09-08,15.64,36.28
2026-09-09,15.65,36.37
2026-09-10,15.66,36.46
2026-09-11,15.66,36.55
2026-09-14,15.69,36.82
2026-09-15,15.69,36.91
2026-09-16,15.7,37.0
2026-09-17,15.71,37.09
2026-09-18,15.72,37.18
2026-09-21,15.74,37.46
2026-09-22,15.74,37.55
2026-09-23,15.75,37.64
2026-09-24,15.76,37.73
2026-09-25,15.77,37.82
2026-09-28,15.79,38.1
2026-09-29,15.8,38.19
2026-09-30,15.8,38.28
2026-10-01,15.81,38.38
2026-10-02,15.82,38.47
2026-10-05,15.84,38.75
2026-10-06,15.85,38.84
2026-10-07,15.85,38.94
2026-10-08,15.86,39.03
2026-10-09,15.87,39.12
2026-10-12,15.89,39.41
2026-10-13,15.9,39.5
2026-10-14,15.91,39.6
2026-10-15,15.91,39.69
2026-10-16,15.92,39.78
2026-10-19,15.94,40.07
2026-10-20,15.95,40.17
2026-10-21,15.96,40.26
2026-10-22,15.96,40.36
2026-10-23,15.97,40.45
2026-10-26,15.99,40.74
2026-10-27,16.0,40.84
2026-10-28,16.01,40.93
2026-10-29,16.01,41.03
2026-10-30,16.02,41.13
2026-11-02,16.04,41.42
2026-11-03,16.05,41.52
2026-11-04,16.06,41.62
2026-11-05,16.07,41.71
2026-11-06,16.07,41.81
2026-11-09,16.1,42.11
2026-11-10,16.1,42.2
2026-11-11,16.11,42.3
2026-11-12,16.12,42.4
2026-11-13,16.12,42.5
2026-11-16,16.15,42.8
2026-11-17,16.15,42.9
2026-11-18,16.16,43.0
2026-11-19,16.17,43.1
2026-11-20,16.18,43.2
2026-11-23,16.2,43.5
2026-11-24,16.2,43.6
2026-11-25,16.21,43.7
2026-11-26,16.22,43.8
2026-11-27,16.23,43.9
2026-11-30,16.25,44.21
2026-12-01,16.26,44.31
2026-12-02,16.26,44.41
2026-12-03,16.27,44.51
2026-12-04,16.28,44.61
2026-12-07,16.3,44.92
2026-12-08,16.31,45.02
2026-12-09,16.31,45.13
2026-12-10,16.32,45.23
2026-12-11,16.33,45.33
2026-12-14,16.35,45.64
2026-12-15,16.36,45.75
2026-12-16,16.37,45.85
2026-12-17,16.37,45.96
2026-12-18,16.38,46.06
2026-12-21,16.4,46.37
2026-12-22,16.41,46.48
2026-12-23,16.42,46.58
2026-12-24,16.42,46.69
2026-12-25,16.43,46.79
2026-12-28,16.45,47.11
2026-12-29,16.46,47.22
2026-12-30,16.47,47.32
2026-12-31,16.47,47.43
2027-01-01,16.48,47.54
2027-01-04,16.5,47.86
2027-01-05,16.51,47.96
2027-01-06,16.52,48.07
2027-01-07,16.53,48.18
2027-01-08,16.53,48.29
2027-01-11,16.56,48.61
2027-01-12,16.56,48.72
2027-01-13,16.57,48.83
2027-01-14,16.58,48.93
2027-01-15,16.58,49.04
2027-01-18,16.61,49.37
2027-01-19,16.61,49.48
2027-01-20,16.62,49.59
2027-01-21,16.63,49.7
2027-01-22,16.64,49.81
2027-01-25,16.66,50.14
2027-01-26,16.66,50.25
2027-01-27,16.67,50.36
2027-01-28,16.68,50.47
2027-01-29,16.69,50.58
2027-02-01,16.71,50.91
2027-02-02,16.72,51.02
2027-02-03,16.72,51.14
2027-02-04,16.73,51.25
2027-02-05,16.74,51.36
2027-02-08,16.76,51.7
2027-02-09,16.77,51.81
2027-02-10,16.77,51.92
2027-02-11,16.78,52.03
2027-02-12,16.79,52.15
2027-02-15,16.81,52.49
2027-02-16,16.82,52.6
2027-02-17,16.83,52.71
2027-02-18,16.83,52.83
2027-02-19,16.84,52.94
2027-02-22,16.86,53.29
2027-02-23,16.87,53.4
2027-02-24,16.88,53.51
2027-02-25,16.88,53.63
2027-02-26,16.89,53.74
2027-03-01,16.91,54.09
